,date,sum_deposit
0,2020-03-20,95532359656.0
1,2020-03-21,109101513219.0
2,2020-03-22,162830846262.0
3,2020-03-23,474372340248.0
4,2020-03-24,2218489561287.0
5,2020-03-25,2007216109722.0
6,2020-03-26,463121816640.0
7,2020-03-27,831533251397.0
8,2020-03-28,3203855971772.0
9,2020-03-29,2878849352946.0
10,2020-03-30,1942299217259.0
11,2020-03-31,215451027793.0
12,2020-04-01,184791421661.0
13,2020-04-02,345700302582.0
14,2020-04-03,760988012733.0
15,2020-04-04,3693288440158.0
16,2020-04-05,2998820640050.0
17,2020-04-06,4461748626034.0
18,2020-04-07,4971313625124.0
19,2020-04-08,3754630397030.0
20,2020-04-09,405776837504.0
21,2020-04-10,746352086573.0
22,2020-04-11,3606634249780.0
23,2020-04-12,3887397725798.0
24,2020-04-13,4119528555185.0
25,2020-04-14,16736713503561.0
26,2020-04-15,9377886660746.0
27,2020-04-16,1232541663427.0
28,2020-04-17,1166112577399.0
29,2020-04-18,3981296340379.0
30,2020-04-19,4682942070539.0
31,2020-04-20,5598417616226.0
32,2020-04-21,6050230786586.0
33,2020-04-22,6235697189372.0
34,2020-04-23,1777467815111.0
35,2020-04-24,2553428048785.0
36,2020-04-25,8690374617086.0
37,2020-04-26,7594357275442.0
38,2020-04-27,8660136718316.0
39,2020-04-28,8597522544473.0
40,2020-04-29,6722224833449.0
41,2020-04-30,2349393340071.0
42,2020-05-01,3122961827446.0
43,2020-05-02,11139538234167.0
44,2020-05-03,11459084126656.0
45,2020-05-04,10004167846827.0
46,2020-05-05,8033180717408.0
47,2020-05-06,6521026856970.0
48,2020-05-07,1673043334785.0
49,2020-05-08,2339244493458.0
50,2020-05-09,9801873561371.0
51,2020-05-10,7387313147082.0
52,2020-05-11,6560649909377.0
53,2020-05-12,6473226425641.0
54,2020-05-13,5822528709099.0
55,2020-05-14,1164417623512.0
56,2020-05-15,1252409076018.0
57,2020-05-16,4558659595132.0
58,2020-05-17,4750119174081.0
59,2020-05-18,5824013803181.0
60,2020-05-19,6308949359807.0
61,2020-05-20,5242357715397.0
62,2020-05-21,1540927579149.0
63,2020-05-22,1195199852314.0
64,2020-05-23,3679215571060.0
65,2020-05-24,619947151128.0
66,2020-05-25,996375203997.0
67,2020-05-26,4285104105266.0
68,2020-05-27,4496571161139.0
69,2020-05-28,845410264101.0
70,2020-05-29,1056148112890.0
71,2020-05-30,4266402241914.0
72,2020-05-31,3396205185065.0
73,2020-06-01,2535251644011.0
74,2020-06-02,3776412118129.0
75,2020-06-03,400692509724.0
76,2020-06-04,313368624882.0
77,2020-06-05,367571446151.0
78,2020-06-06,5116915139030.0
79,2020-06-07,6019752944185.0
80,2020-06-08,5406462446509.0
81,2020-06-09,4558561100585.0
82,2020-06-10,4078369929699.0
83,2020-06-11,1408086327226.0
84,2020-06-12,1604004607389.0
85,2020-06-13,6288629022801.0
86,2020-06-14,5946052473321.0
87,2020-06-15,5637827903140.0
88,2020-06-16,5121073339016.0
89,2020-06-17,750935028165.0
90,2020-06-18,1640458498769.0
91,2020-06-19,2310029675701.0
92,2020-06-20,7612095406823.0
93,2020-06-21,8953948065920.0
94,2020-06-22,8681013708390.0
95,2020-06-23,9448513403949.0
96,2020-06-24,751762816654.0
97,2020-06-25,466265104427.0
98,2020-06-26,640458788177.0
99,2020-06-27,4664161641745.0
100,2020-06-28,4497180842287.0
101,2020-06-29,9901029638650.0
102,2020-06-30,12625575886351.0
103,2020-07-01,8583199257895.0
104,2020-07-02,2364512564396.0
105,2020-07-03,2839030264715.0
106,2020-07-04,8824537137586.0
107,2020-07-05,9772659818193.0
108,2020-07-06,10444849527140.0
109,2020-07-07,8903536343851.0
110,2020-07-08,8287529603820.0
111,2020-07-09,1964813574476.0
112,2020-07-10,2160934178583.0
113,2020-07-11,8834320989066.0
114,2020-07-12,8256095840045.0
115,2020-07-13,8814871809141.0
116,2020-07-14,8250557760926.0
117,2020-07-15,7657336833603.0
118,2020-07-16,1623441032398.0
119,2020-07-17,2179141665137.0
120,2020-07-18,8144435778190.0
121,2020-07-19,8975051492837.0
122,2020-07-20,7457639189599.0
123,2020-07-21,7198689785517.0
124,2020-07-22,6975875395089.0
125,2020-07-23,2142203136959.0
126,2020-07-24,2785079309191.0
127,2020-07-25,9622041814646.0
128,2020-07-26,8549013850760.0
129,2020-07-27,8952943542357.0
130,2020-07-28,9629943097398.0
131,2020-07-29,7163560853418.0
132,2020-07-30,1801013689251.0
133,2020-07-31,2250692874174.0
134,2020-08-01,8933125079401.0
135,2020-08-02,8259337265142.0
136,2020-08-03,8518832579881.0
137,2020-08-04,7710339301618.0
138,2020-08-05,6609738218203.0
139,2020-08-06,1960812075481.0
140,2020-08-07,1168635972109.0
141,2020-08-08,2299821505285.0
142,2020-08-09,8147927337282.0
143,2020-08-10,6538587229933.0
144,2020-08-11,5342621178068.0
145,2020-08-12,5682796908033.0
146,2020-08-13,918502018916.0
147,2020-08-14,1129628247253.0
148,2020-08-15,7001432316211.0
149,2020-08-16,3598207236124.0
150,2020-08-17,6503843458692.0
151,2020-08-18,6389788913805.0
152,2020-08-19,2463349059112.0
153,2020-08-20,611491038878.0
154,2020-08-21,814681178548.0
155,2020-08-22,3684229389380.0
156,2020-08-23,2638404350950.0
157,2020-08-24,2717122128753.0
158,2020-08-25,6035811912131.0
159,2020-08-26,6083325477457.0
160,2020-08-27,970741301018.0
161,2020-08-28,634365920209.0
162,2020-08-29,686430975895.0
163,2020-08-30,1405170767880.0
164,2020-08-31,5902705117146.0
165,2020-09-01,2732525227372.0
166,2020-09-02,7518574865576.0
167,2020-09-03,526103903837.0
168,2020-09-04,639267088615.0
169,2020-09-05,3502439329382.0
170,2020-09-06,3482432874175.0
171,2020-09-07,3643474070880.0
172,2020-09-08,2909375373547.0
173,2020-09-09,2720185964175.0
174,2020-09-10,640153573878.0
175,2020-09-11,743179248227.0
176,2020-09-12,3666226054018.0
177,2020-09-13,2406552459574.0
178,2020-09-14,3129347864190.0
179,2020-09-15,6626065346027.0
180,2020-09-16,10373747550956.0
181,2020-09-17,1028519685763.0
182,2020-09-18,1199641767844.0
183,2020-09-19,5763361126955.0
184,2020-09-20,7861016919904.0
185,2020-09-21,1648428119998.0
186,2020-09-22,2029540218228.0
187,2020-09-23,2749838784005.0
188,2020-09-24,313551819774.0
189,2020-09-25,466749235840.0
190,2020-09-26,2164219588092.0
191,2020-09-27,1390585223761.0
192,2020-09-28,1125419138257.0
193,2020-09-29,1536332718088.0
194,2020-09-30,1897518842233.0
195,2020-10-01,448610328778.0
196,2020-10-02,450938033026.0
197,2020-10-03,2253629092446.0
198,2020-10-04,2077830622756.0
199,2020-10-05,1623242024085.0
200,2020-10-06,1791424925430.0
201,2020-10-07,2594454949850.0
202,2020-10-08,263544500348.0
203,2020-10-09,468703989027.0
204,2020-10-10,2083442108430.0
205,2020-10-11,2829418416946.0
206,2020-10-12,2780087564336.0
207,2020-10-13,2037257718057.0
208,2020-10-14,1530942691232.0
209,2020-10-15,244680260508.0
210,2020-10-16,189694899532.0
211,2020-10-17,353170228267.0
212,2020-10-18,1490813482901.0
213,2020-10-19,2453858997377.0
214,2020-10-20,1349215772465.0
215,2020-10-21,2020902971815.0
216,2020-10-22,323758987398.0
217,2020-10-23,289089975473.0
218,2020-10-24,1227952119483.0
219,2020-10-25,184436833375.0
220,2020-10-26,1179435849164.0
221,2020-10-27,1621920042000.0
222,2020-10-28,1451107648855.0
223,2020-10-29,286658389747.0
224,2020-10-30,333979512585.0
225,2020-10-31,2378615287683.0
226,2020-11-01,2094568060053.0
227,2020-11-02,1311144405019.0
228,2020-11-03,199063169751.0
229,2020-11-04,1158570490818.0
230,2020-11-05,243570193566.0
231,2020-11-06,256723942413.0
232,2020-11-07,950089027182.0
233,2020-11-08,954018811356.0
234,2020-11-09,1408634445901.0
235,2020-11-10,1610053136897.0
236,2020-11-11,1305578454446.0
237,2020-11-12,209625471417.0
238,2020-11-13,345627262228.0
239,2020-11-14,1763056046227.0
240,2020-11-15,1693326664829.0
241,2020-11-16,1134651418501.0
242,2020-11-17,1980791089394.0
243,2020-11-18,2567833893065.0
244,2020-11-19,613074748852.0
245,2020-11-20,842424916527.0
246,2020-11-21,3435196661748.0
247,2020-11-22,2274586439086.0
248,2020-11-23,2152947483745.0
249,2020-11-24,2134468793113.0
250,2020-11-25,1685234561943.0
251,2020-11-26,344967418317.0
252,2020-11-27,526706529565.0
253,2020-11-28,2373218850006.0
254,2020-11-29,2817060754383.0
255,2020-11-30,3122430596451.0
256,2020-12-01,2701162876606.0
257,2020-12-02,2196740106061.0
258,2020-12-03,414407770357.0
259,2020-12-04,531500141801.0
260,2020-12-05,2596649529299.0
261,2020-12-06,3049576677356.0
262,2020-12-07,4300800276010.0
263,2020-12-08,3691950730153.0
264,2020-12-09,2703601654743.0
265,2020-12-10,511465841907.0
266,2020-12-11,725079196633.0
267,2020-12-12,2292644428922.0
268,2020-12-13,2435591864923.0
269,2020-12-14,2713116287224.0
270,2020-12-15,1846538422244.0
271,2020-12-16,2096908856858.0
272,2020-12-17,288705836374.0
273,2020-12-18,455253728809.0
274,2020-12-19,1967549146439.0
275,2020-12-20,1677740753576.0
276,2020-12-21,1940544213323.0
277,2020-12-22,2794303089137.0
278,2020-12-23,1729835372478.0
279,2020-12-24,345689058174.0
280,2020-12-25,613918828229.0
281,2020-12-26,2303925198902.0
282,2020-12-27,1932021887935.0
283,2020-12-28,1605779642699.0
284,2020-12-29,1540644289935.0
285,2020-12-30,1548816254403.0
286,2020-12-31,266002823955.0
287,2021-01-01,328302349527.0
288,2021-01-02,1530905957880.0
289,2021-01-03,1762017197319.0
290,2021-01-04,1657497074410.0
291,2021-01-05,1566927178821.0
292,2021-01-06,1257130810249.0
293,2021-01-07,315708806919.0
294,2021-01-08,334821447857.0
295,2021-01-09,1408184845589.0
296,2021-01-10,1854995713610.0
297,2021-01-11,1863733703760.0
298,2021-01-12,1220528674295.0
299,2021-01-13,953704646581.0
300,2021-01-14,239793020573.0
301,2021-01-15,282212441599.0
302,2021-01-16,887579340427.0
303,2021-01-17,169116596338.0
304,2021-01-18,745381458126.0
305,2021-01-19,1274136678549.0
306,2021-01-20,1661404129800.0
307,2021-01-21,361373328673.0
308,2021-01-22,528456834992.0
309,2021-01-23,2073700879542.0
310,2021-01-24,2015732847616.0
311,2021-01-25,1487672853976.0
312,2021-01-26,1168621860621.0
313,2021-01-27,1129586457010.0
314,2021-01-28,351113224077.0
315,2021-01-29,367138918915.0
316,2021-01-30,1823143260346.0
317,2021-01-31,1717229989076.0
318,2021-02-01,1275829311749.0
319,2021-02-02,2113756355895.0
320,2021-02-03,1521087853716.0
321,2021-02-04,178528056835.0
322,2021-02-05,232909875002.0
323,2021-02-06,1424519889378.0
324,2021-02-07,2251344547364.0
325,2021-02-08,1629074111592.0
326,2021-02-09,1263084373871.0
327,2021-02-10,124812907513.0
328,2021-02-11,391804941160.0
329,2021-02-12,383836479663.0
330,2021-02-13,2109384008199.0
331,2021-02-14,4595615456293.0
332,2021-02-15,2018847464748.0
333,2021-02-16,1196535506886.0
334,2021-02-17,1267957263023.0
335,2021-02-18,180789022019.0
336,2021-02-19,240174845345.0
337,2021-02-20,1089387681446.0
338,2021-02-21,1016478316958.0
339,2021-02-22,1225899401631.0
340,2021-02-23,1563451268448.0
341,2021-02-24,1560104875083.0
342,2021-02-25,103525094910.0
343,2021-02-26,157768388427.0
344,2021-02-27,996980342322.0
345,2021-02-28,862072936639.0
346,2021-03-01,1082304064633.0
347,2021-03-02,1032809333066.0
348,2021-03-03,673158915638.0
349,2021-03-04,225284772795.0
350,2021-03-05,171225481888.0
351,2021-03-06,829985242857.0
352,2021-03-07,953255055907.0
353,2021-03-08,1749854771863.0
354,2021-03-09,2416843798885.0
355,2021-03-10,1127540808580.0
356,2021-03-11,87415626956.0
357,2021-03-12,129664013428.0
358,2021-03-13,1058253751069.0
359,2021-03-14,1198083098234.0
360,2021-03-15,1119075491201.0
361,2021-03-16,1834537104832.0
362,2021-03-17,921146829412.0
363,2021-03-18,97942363439.0
364,2021-03-19,60060230473.0
365,2021-03-20,54334093223.0
366,2021-03-21,61930060274.0
367,2021-03-22,58127921215.0
368,2021-03-23,65423380236.0
369,2021-03-24,79081351649.0
370,2021-03-25,642372271865.0
371,2021-03-26,287469695353.0
372,2021-03-27,1230335781816.0
373,2021-03-28,885302186107.0
374,2021-03-29,161167753917.0
375,2021-03-30,783724894616.0
376,2021-03-31,563911559754.0
377,2021-04-01,70855370059.0
378,2021-04-02,120190409381.0
379,2021-04-03,715891351222.0
380,2021-04-04,1102747592602.0
381,2021-04-05,646507134692.0
382,2021-04-06,704039747071.0
383,2021-04-07,780315139908.0
384,2021-04-08,79605054003.0
385,2021-04-09,95892745219.0
386,2021-04-10,421686838385.0
387,2021-04-11,531238009840.0
388,2021-04-12,576944208484.0
389,2021-04-13,844238966037.0
390,2021-04-14,682852804011.0
391,2021-04-15,91484750023.0
392,2021-04-16,91135318523.0
393,2021-04-17,466387079212.0
394,2021-04-18,473929080070.0
395,2021-04-19,865408960182.0
396,2021-04-20,602565652502.0
397,2021-04-21,600986151491.0
398,2021-04-22,93838225360.0
399,2021-04-23,112358712828.0
400,2021-04-24,595873391115.0
401,2021-04-25,476938975225.0
402,2021-04-26,538286044217.0
403,2021-04-27,798119125569.0
404,2021-04-28,960002394732.0
405,2021-04-29,143650723132.0
406,2021-04-30,139351142807.0
407,2021-05-01,601378450993.0
408,2021-05-02,1098940749790.0
409,2021-05-03,485801782529.0
410,2021-05-04,86914186051.0
411,2021-05-05,400581046980.0
412,2021-05-06,103357613126.0
413,2021-05-07,95252261857.0
414,2021-05-08,509931597490.0
415,2021-05-09,548346824399.0
416,2021-05-10,800963126532.0
417,2021-05-11,1026373506368.0
418,2021-05-12,720753321045.0
419,2021-05-13,59369329271.0
420,2021-05-14,97460868547.0
421,2021-05-15,538985650984.0
422,2021-05-16,490024841727.0
423,2021-05-17,500598620776.0
424,2021-05-18,519191057557.0
425,2021-05-19,582317475708.0
426,2021-05-20,102396768698.0
427,2021-05-21,101652338917.0
428,2021-05-22,750789721881.0
429,2021-05-23,770568988596.0
430,2021-05-24,915374225211.0
431,2021-05-25,2086055118235.0
432,2021-05-26,1469166042616.0
433,2021-05-27,150094803544.0
434,2021-05-28,106030792226.0
435,2021-05-29,818194627514.0
436,2021-05-30,957281871160.0
437,2021-05-31,830032348895.0
438,2021-06-01,569298438013.0
439,2021-06-02,712443624331.0
440,2021-06-03,154909667628.0
441,2021-06-04,73383832539.0
442,2021-06-05,72098260791.0
443,2021-06-06,126210768397.0
444,2021-06-07,702497246670.0
445,2021-06-08,740890711965.0
446,2021-06-09,577202909205.0
447,2021-06-10,105360771523.0
448,2021-06-11,118259679592.0
449,2021-06-12,664949519761.0
450,2021-06-13,737726712822.0
451,2021-06-14,979406201636.0
452,2021-06-15,615763279867.0
453,2021-06-16,1308577874739.0
454,2021-06-17,113380318649.0
455,2021-06-18,103792071076.0
456,2021-06-19,847549463671.0
457,2021-06-20,723743679791.0
458,2021-06-21,775734291778.0
459,2021-06-22,1554690677151.0
460,2021-06-23,1153998277608.0
461,2021-06-24,254778746144.0
462,2021-06-25,283562097574.0
463,2021-06-26,1558709982076.0
464,2021-06-27,1267559064263.0
465,2021-06-28,1326125584105.0
466,2021-06-29,1181983113795.0
467,2021-06-30,875253624570.0
468,2021-07-01,197425704892.0
469,2021-07-02,217812714695.0
470,2021-07-03,1136237921441.0
471,2021-07-04,827602587861.0
472,2021-07-05,820332254254.0
473,2021-07-06,1043681168208.0
474,2021-07-07,828435349516.0
475,2021-07-08,119396338938.0
476,2021-07-09,187470154481.0
477,2021-07-10,1088542034173.0
478,2021-07-11,1008904686314.0
479,2021-07-12,1385718928657.0
480,2021-07-13,1247038641475.0
481,2021-07-14,1101722530343.0
482,2021-07-15,141687382880.0
483,2021-07-16,222036276687.0
484,2021-07-17,1191087527627.0
485,2021-07-18,1383757900427.0
486,2021-07-19,901045419350.0
487,2021-07-20,114411756380.0
488,2021-07-21,87294553444.0
489,2021-07-22,72017859285.0
490,2021-07-23,86630212573.0
491,2021-07-24,180382774248.0
492,2021-07-25,319357784636.0
493,2021-07-26,1599553250644.0
494,2021-07-27,1103517089716.0
495,2021-07-28,912741512977.0
496,2021-07-29,131986031011.0
497,2021-07-30,215521633615.0
498,2021-07-31,1565041320322.0
499,2021-08-01,1102718207879.0
500,2021-08-02,939004548097.0
501,2021-08-03,942489399021.0
502,2021-08-04,1387926814310.0
503,2021-08-05,150045260054.0
504,2021-08-06,237537992188.0
505,2021-08-07,1431783343507.0
506,2021-08-08,1760344649201.0
507,2021-08-09,2903227599878.0
508,2021-08-10,2113616191718.0
509,2021-08-11,1526656799391.0
510,2021-08-12,176717940068.0
511,2021-08-13,298661976707.0
512,2021-08-14,2248839250849.0
513,2021-08-15,1264341671050.0
514,2021-08-16,114046914496.0
515,2021-08-17,105134704878.0
516,2021-08-18,100379655520.0
517,2021-08-19,96526950425.0
518,2021-08-20,141272698999.0
519,2021-08-21,327317224775.0
520,2021-08-22,2105859183968.0
521,2021-08-23,2528828585960.0
522,2021-08-24,2639865590092.0
523,2021-08-25,2690852292689.0
524,2021-08-26,426475375777.0
525,2021-08-27,538530000930.0
526,2021-08-28,2816881008963.0
527,2021-08-29,3475770589291.0
528,2021-08-30,2544037642956.0
529,2021-08-31,2672081054547.0
530,2021-09-01,1589484875560.0
531,2021-09-02,337756423442.0
532,2021-09-03,396095814994.0
533,2021-09-04,1897815452090.0
534,2021-09-05,1809768441722.0
535,2021-09-06,3061178840382.0
536,2021-09-07,5381830311421.0
537,2021-09-08,5413719218453.0
538,2021-09-09,262002092854.0
539,2021-09-10,298827672976.0
540,2021-09-11,1691032425942.0
541,2021-09-12,2742327986473.0
542,2021-09-13,2316660693227.0
543,2021-09-14,3242206250011.0
544,2021-09-15,2017445440531.0
545,2021-09-16,206719775633.0
546,2021-09-17,213791723224.0
547,2021-09-18,3082867237688.0
548,2021-09-19,1085555738128.0
549,2021-09-20,1364006175272.0
550,2021-09-21,1132091334552.0
551,2021-09-22,1132118518371.0
552,2021-09-23,448627022651.0
553,2021-09-24,304676935992.0
554,2021-09-25,1341173847109.0
555,2021-09-26,1204338431313.0
556,2021-09-27,209732904562.0
557,2021-09-28,902104896431.0
558,2021-09-29,1067064623657.0
559,2021-09-30,181612533203.0
560,2021-10-01,223536039101.0
561,2021-10-02,1037098637796.0
562,2021-10-03,1217642509463.0
563,2021-10-04,1036384229920.0
564,2021-10-05,188993272129.0
565,2021-10-06,676617842597.0
566,2021-10-07,102258160904.0
567,2021-10-08,164105913172.0
568,2021-10-09,873884583406.0
569,2021-10-10,815576212257.0
570,2021-10-11,867094529936.0
571,2021-10-12,770669205066.0
572,2021-10-13,2661839541667.0
573,2021-10-14,195075321035.0
574,2021-10-15,209818893373.0
575,2021-10-16,922992704920.0
576,2021-10-17,860992043407.0
577,2021-10-18,899183334005.0
578,2021-10-19,993055530558.0
579,2021-10-20,668383691167.0
580,2021-10-21,144467948117.0
581,2021-10-22,159418973567.0
582,2021-10-23,931492338170.0
583,2021-10-24,161408967687.0
584,2021-10-25,1159141867369.0
585,2021-10-26,989131231586.0
586,2021-10-27,935847624579.0
587,2021-10-28,216069251611.0
588,2021-10-29,221348915523.0
589,2021-10-30,1093087506397.0
590,2021-10-31,867106396440.0
591,2021-11-01,976242448036.0
592,2021-11-02,1441344086895.0
593,2021-11-03,837453610627.0
594,2021-11-04,168090840168.0
595,2021-11-05,247503120427.0
596,2021-11-06,1288945572290.0
597,2021-11-07,1170303455970.0
598,2021-11-08,1367165240082.0
599,2021-11-09,1083036413114.0
600,2021-11-10,1008988075008.0
601,2021-11-11,153918911232.0
602,2021-11-12,180917065915.0
603,2021-11-13,835394631600.0
604,2021-11-14,1042482542121.0
605,2021-11-15,1766580672129.0
606,2021-11-16,902938418820.0
607,2021-11-17,1863415471398.0
608,2021-11-18,188993532332.0
609,2021-11-19,149648484606.0
610,2021-11-20,1586281496530.0
611,2021-11-21,1775248309411.0
612,2021-11-22,1019535332741.0
613,2021-11-23,1998375000956.0
614,2021-11-24,847170647612.0
615,2021-11-25,144636639910.0
616,2021-11-26,184019709501.0
617,2021-11-27,908726521718.0
618,2021-11-28,856341306362.0
619,2021-11-29,811696134497.0
620,2021-11-30,1081663045561.0
621,2021-12-01,999505100664.0
622,2021-12-02,137837291455.0
623,2021-12-03,183615010612.0
624,2021-12-04,1017788133302.0
625,2021-12-05,804814885039.0
626,2021-12-06,768691892792.0
627,2021-12-07,944277646660.0
628,2021-12-08,813551148078.0
629,2021-12-09,387721249821.0
630,2021-12-10,213555820478.0
631,2021-12-11,922295053355.0
632,2021-12-12,920788161023.0
633,2021-12-13,928229314343.0
634,2021-12-14,1284436412642.0
635,2021-12-15,1662806044825.0
636,2021-12-16,116817214747.0
637,2021-12-17,158944215117.0
638,2021-12-18,1015438065362.0
639,2021-12-19,920438114529.0
640,2021-12-20,1003436158696.0
641,2021-12-21,763327353937.0
642,2021-12-22,1257233530826.0
643,2021-12-23,221372860331.0
644,2021-12-24,272923277072.0
645,2021-12-25,1406033061342.0
646,2021-12-26,1179701445937.0
647,2021-12-27,1074815791267.0
648,2021-12-28,905412010515.0
649,2021-12-29,730404351002.0
650,2021-12-30,183793154437.0
651,2021-12-31,159063404593.0
652,2022-01-01,833549635770.0
653,2022-01-02,1148249428544.0
654,2022-01-03,868908755352.0
655,2022-01-04,1394631557262.0
656,2022-01-05,746416749168.0
657,2022-01-06,84583169115.0
658,2022-01-07,113431538911.0
659,2022-01-08,785791256269.0
660,2022-01-09,725430744791.0
661,2022-01-10,949919999418.0
662,2022-01-11,726801468049.0
663,2022-01-12,546270007120.0
664,2022-01-13,113887216611.0
665,2022-01-14,129976614508.0
666,2022-01-15,644291223479.0
667,2022-01-16,915368454258.0
668,2022-01-17,875704033994.0
669,2022-01-18,948498711661.0
670,2022-01-19,706627934921.0
671,2022-01-20,133968574851.0
672,2022-01-21,190773389927.0
673,2022-01-22,1061019363050.0
674,2022-01-23,955678146568.0
675,2022-01-24,984513137053.0
676,2022-01-25,986803415883.0
677,2022-01-26,1148696148710.0
678,2022-01-27,156264819425.0
679,2022-01-28,155981931067.0
680,2022-01-29,1004821895169.0
681,2022-01-30,881043478125.0
682,2022-01-31,870532198666.0
683,2022-02-01,931168188163.0
684,2022-02-02,1392798220371.0
685,2022-02-03,158283009249.0
686,2022-02-04,147213354737.0
687,2022-02-05,1170243828934.0
688,2022-02-06,1514190584348.0
689,2022-02-07,687387844006.0
690,2022-02-08,967198805420.0
691,2022-02-09,862430130612.0
692,2022-02-10,149242556920.0
693,2022-02-11,147548029624.0
694,2022-02-12,903572913800.0
695,2022-02-13,1297867353440.0
696,2022-02-14,962456515415.0
697,2022-02-15,125421295994.0
698,2022-02-16,804515293922.0
699,2022-02-17,122605433302.0
700,2022-02-18,149419519992.0
701,2022-02-19,1176610052238.0
702,2022-02-20,934855167090.0
703,2022-02-21,1389699131682.0
704,2022-02-22,1144019508759.0
705,2022-02-23,1234853991562.0
706,2022-02-24,133628599123.0
707,2022-02-25,163171881032.0
708,2022-02-26,731305899923.0
709,2022-02-27,848434320289.0
710,2022-02-28,986182445175.0
711,2022-03-01,134117544465.0
712,2022-03-02,812945863370.0
713,2022-03-03,284546813392.0
714,2022-03-04,164050419202.0
715,2022-03-05,1577176031590.0
716,2022-03-06,1346163702356.0
717,2022-03-07,1308902478048.0
718,2022-03-08,1386562078703.0
719,2022-03-09,1257188803785.0
720,2022-03-10,227907715191.0
721,2022-03-11,182055326108.0
722,2022-03-12,1321635914723.0
723,2022-03-13,1092908933106.0
724,2022-03-14,1474635560948.0
725,2022-03-15,1042281696437.0
726,2022-03-16,1326200387513.0
727,2022-03-17,370367683055.0
728,2022-03-18,207856218635.0
729,2022-03-19,1155794116971.0
730,2022-03-20,63540819352.0
731,2022-03-21,58330617545.0
732,2022-03-22,61079290180.0
733,2022-03-23,72500128741.0
734,2022-03-24,91062338947.0
735,2022-03-25,186848275444.0
736,2022-03-26,1066852861605.0
737,2022-03-27,1874054529142.0
738,2022-03-28,1130717161593.0
739,2022-03-29,852780470483.0
740,2022-03-30,596809352420.0
741,2022-03-31,126910044364.0
742,2022-04-01,98198439217.0
743,2022-04-02,164849996196.0
744,2022-04-03,1034512172988.0
745,2022-04-04,1112975897129.0
746,2022-04-05,990193850045.0
747,2022-04-06,1009636519743.0
748,2022-04-07,130634035458.0
749,2022-04-08,175181779607.0
750,2022-04-09,997145833541.0
751,2022-04-10,1024992897218.0
752,2022-04-11,1210964094214.0
753,2022-04-12,1286067059301.0
754,2022-04-13,686868833363.0
755,2022-04-14,173495456831.0
756,2022-04-15,183225901677.0
757,2022-04-16,3505325657669.0
758,2022-04-17,1136637849822.0
759,2022-04-18,2216239875422.0
760,2022-04-19,1522081464640.0
761,2022-04-20,1559643774835.0
762,2022-04-21,41862672413.0
763,2022-04-22,240887214219.0
764,2022-04-23,314859885434.0
765,2022-04-24,1268459370229.0
766,2022-04-25,1699992960118.0
767,2022-04-26,2149563513387.0
768,2022-04-27,2393242724884.0
769,2022-04-28,307858451299.0
770,2022-04-29,243440532762.0
771,2022-04-30,1205876419214.0
772,2022-05-01,2025494118957.0
773,2022-05-02,1814554145339.0
774,2022-05-03,106479692828.0
775,2022-05-04,107096873270.0
776,2022-05-05,224568429994.0
777,2022-05-06,241199252209.0
778,2022-05-07,1478710272412.0
779,2022-05-08,1615811720522.0
780,2022-05-09,2187639872772.0
781,2022-05-10,1590320624741.0
782,2022-05-11,1403568080517.0
783,2022-05-12,351035904409.0
784,2022-05-13,389521571614.0
785,2022-05-14,2182632157903.0
786,2022-05-15,1711647287878.0
787,2022-05-16,2934203725164.0
788,2022-05-17,2559852290814.0
789,2022-05-18,1313789216679.0
790,2022-05-19,261996370312.0
791,2022-05-20,254583177800.0
792,2022-05-21,1265007003819.0
793,2022-05-22,1890069957301.0
794,2022-05-23,1538737274959.0
795,2022-05-24,1164223422094.0
796,2022-05-25,1884757897755.0
797,2022-05-26,286735773542.0
798,2022-05-27,247063047652.0
799,2022-05-28,2204491800628.0
800,2022-05-29,1650362447452.0
801,2022-05-30,1165925133997.0
802,2022-05-31,1541528618221.0
803,2022-06-01,1678385916477.0
804,2022-06-02,192542758017.0
805,2022-06-03,118954866230.0
806,2022-06-04,127010147352.0
807,2022-06-05,208691024754.0
808,2022-06-06,2663873068511.0
809,2022-06-07,2058511215166.0
810,2022-06-08,1795352612097.0
811,2022-06-09,240262346367.0
812,2022-06-10,200695680241.0
813,2022-06-11,1722307720790.0
814,2022-06-12,2216653563231.0
815,2022-06-13,2030378042377.0
816,2022-06-14,1856577831782.0
817,2022-06-15,1311448169551.0
818,2022-06-16,189674738429.0
819,2022-06-17,177295563814.0
820,2022-06-18,1373485450483.0
821,2022-06-19,2157172371666.0
822,2022-06-20,1654548806863.0
823,2022-06-21,1934653558475.0
824,2022-06-22,1804618353131.0
825,2022-06-23,317491727188.0
826,2022-06-24,275343406603.0
827,2022-06-25,2027449779404.0
828,2022-06-26,1469047301473.0
829,2022-06-27,2464216815319.0
830,2022-06-28,2093798517431.0
831,2022-06-29,2511987807494.0
832,2022-06-30,223938582536.0
833,2022-07-01,194510623674.0
834,2022-07-02,2020842385449.0
835,2022-07-03,1822173973130.0
836,2022-07-04,1941269734521.0
837,2022-07-05,851982626439.0
838,2022-07-06,1469875136131.0
839,2022-07-07,220673032984.0
840,2022-07-08,208659545221.0
841,2022-07-09,2726481158369.0
842,2022-07-10,197455336897.0
843,2022-07-11,1097450303751.0
844,2022-07-12,1211498965834.0
845,2022-07-13,1230797276125.0
846,2022-07-14,238771170073.0
847,2022-07-15,180177079055.0
848,2022-07-16,854667022073.0
849,2022-07-17,1024138082565.0
850,2022-07-18,166152225250.0
851,2022-07-19,1158649453382.0
852,2022-07-20,1427919299303.0
853,2022-07-21,221467896431.0
854,2022-07-22,205276793615.0
855,2022-07-23,1184514804456.0
856,2022-07-24,1670077927636.0
857,2022-07-25,1662068632180.0
858,2022-07-26,1255494820075.0
859,2022-07-27,1850889365680.0
860,2022-07-28,320335785311.0
861,2022-07-29,255220966031.0
862,2022-07-30,1466015064939.0
863,2022-07-31,1139134307231.0
864,2022-08-01,6115047474651.0
865,2022-08-02,1362461828964.0
866,2022-08-03,1899385134761.0
867,2022-08-04,252278121742.0
868,2022-08-05,272798406710.0
869,2022-08-06,1325371843585.0
870,2022-08-07,140801281697.0
871,2022-08-08,181019112334.0
872,2022-08-09,1031482578298.0
873,2022-08-10,1190129852164.0
874,2022-08-11,269392908422.0
875,2022-08-12,201505932481.0
876,2022-08-13,1730045013881.0
877,2022-08-14,1726286335286.0
878,2022-08-15,1942775544981.0
879,2022-08-16,1229146635517.0
880,2022-08-17,1273780032854.0
881,2022-08-18,293856804606.0
882,2022-08-19,271707845534.0
883,2022-08-20,1018569528372.0
884,2022-08-21,1544553465430.0
885,2022-08-22,1203437377005.0
886,2022-08-23,1610803622537.0
887,2022-08-24,1779415400909.0
888,2022-08-25,413129809889.0
889,2022-08-26,332977781720.0
890,2022-08-27,1505389208663.0
891,2022-08-28,1889628456272.0
892,2022-08-29,1586851693729.0
893,2022-08-30,1446146192008.0
894,2022-08-31,906675673909.0
895,2022-09-01,404987114826.0
896,2022-09-02,246904318532.0
897,2022-09-03,1375073544274.0
898,2022-09-04,3935982182239.0
899,2022-09-05,970337054010.0
900,2022-09-06,995302050227.0
901,2022-09-07,1392439326139.0
902,2022-09-08,289003368195.0
903,2022-09-09,204312365619.0
904,2022-09-10,2892130153812.0
905,2022-09-11,965189782465.0
906,2022-09-12,1633286006490.0
907,2022-09-13,1125214385306.0
908,2022-09-14,1063508222974.0
909,2022-09-15,250867139844.0
910,2022-09-16,140628307460.0
911,2022-09-17,167763935391.0
912,2022-09-18,1378820923042.0
913,2022-09-19,1073419529399.0
914,2022-09-20,1445830567095.0
915,2022-09-21,972828826559.0
916,2022-09-22,275314057882.0
917,2022-09-23,263340707205.0
918,2022-09-24,2568956202802.0
919,2022-09-25,258115087227.0
920,2022-09-26,2085382842372.0
921,2022-09-27,244152289707.0
922,2022-09-28,3627450518427.0
923,2022-09-29,312814525592.0
924,2022-09-30,237818270999.0
925,2022-10-01,1969099925850.0
926,2022-10-02,1144632836306.0
927,2022-10-03,1088355163733.0
928,2022-10-04,886317895743.0
929,2022-10-05,173683891051.0
930,2022-10-06,287947932931.0
931,2022-10-07,236006563428.0
932,2022-10-08,1204240084958.0
933,2022-10-09,1342232538308.0
934,2022-10-10,1202828610977.0
935,2022-10-11,937043604663.0
936,2022-10-12,1336124377878.0
937,2022-10-13,311339600024.0
938,2022-10-14,220805046503.0
939,2022-10-15,1168774705622.0
940,2022-10-16,921613757174.0
941,2022-10-17,1324062926659.0
942,2022-10-18,966549649133.0
943,2022-10-19,1114739569099.0
944,2022-10-20,253430083528.0
945,2022-10-21,249592392264.0
946,2022-10-22,1898845998658.0
947,2022-10-23,1414315708531.0
948,2022-10-24,2131428662999.0
949,2022-10-25,1691098989145.0
950,2022-10-26,3490581510402.0
951,2022-10-27,242657697213.0
952,2022-10-28,216470792463.0
953,2022-10-29,1082105597097.0
954,2022-10-30,1798552509494.0
955,2022-10-31,3227330244667.0
956,2022-11-01,1462775146908.0
957,2022-11-02,2003720477798.0
958,2022-11-03,286534874540.0
959,2022-11-04,259344552317.0
960,2022-11-05,2113009553221.0
961,2022-11-06,3609856632497.0
962,2022-11-07,1925300926712.0
963,2022-11-08,2334967501276.0
964,2022-11-09,2584067636083.0
965,2022-11-10,282808724328.0
966,2022-11-11,303815451456.0
967,2022-11-12,1875028058965.0
968,2022-11-13,1868358010725.0
969,2022-11-14,1889894432450.0
970,2022-11-15,976021957507.0
971,2022-11-16,1394296663791.0
972,2022-11-17,245120215605.0
973,2022-11-18,211253891363.0
974,2022-11-19,3077153722846.0
975,2022-11-20,1045142398957.0
976,2022-11-21,1958250978374.0
977,2022-11-22,2401115301672.0
978,2022-11-23,5172769160892.0
979,2022-11-24,458360267364.0
980,2022-11-25,313569280980.0
981,2022-11-26,7944460194523.0
982,2022-11-27,4426426831680.0
983,2022-11-28,10991107082433.0
984,2022-11-29,2025208232568.0
985,2022-11-30,2393271400896.0
986,2022-12-01,360901176304.0
987,2022-12-02,292773399608.0
988,2022-12-03,1501863210078.0
989,2022-12-04,1640596656473.0
990,2022-12-05,2102563293178.0
991,2022-12-06,1763416727193.0
992,2022-12-07,2656287249384.0
993,2022-12-08,323299151110.0
994,2022-12-09,274999899121.0
995,2022-12-10,4767786764878.0
996,2022-12-11,6032790021607.0
997,2022-12-12,2289652134566.0
998,2022-12-13,3539433394585.0
999,2022-12-14,4329098477984.0
1000,2022-12-15,385039621543.0
1001,2022-12-16,331801798815.0
1002,2022-12-17,3440416156333.0
1003,2022-12-18,2296177135829.0
1004,2022-12-19,2905212705972.0
1005,2022-12-20,1774263129416.0
1006,2022-12-21,1755277631074.0
1007,2022-12-22,613849873545.0
1008,2022-12-23,538364851517.0
1009,2022-12-24,3009130301549.0
1010,2022-12-25,3223365322711.0
1011,2022-12-26,2836615624112.0
1012,2022-12-27,533240370460.0
1013,2022-12-28,3024264832282.0
1014,2022-12-29,816758809746.0
1015,2022-12-30,721214320820.0
1016,2022-12-31,3180422082827.0
1017,2023-01-01,2995346795185.0
1018,2023-01-02,3689098405456.0
1019,2023-01-03,2034495066360.0
1020,2023-01-04,6461954973438.0
1021,2023-01-05,751136911365.0
1022,2023-01-06,446520526666.0
1023,2023-01-07,14941181432226.0
1024,2023-01-08,4722107614381.0
1025,2023-01-09,7752370121836.0
1026,2023-01-10,3467131584423.0
1027,2023-01-11,2772681769877.0
1028,2023-01-12,391747566563.0
1029,2023-01-13,458150297130.0
1030,2023-01-14,2525989707058.0
1031,2023-01-15,1119526002574.0
1032,2023-01-16,2598858720446.0
1033,2023-01-17,3001624980033.0
1034,2023-01-18,2194884847039.0
1035,2023-01-19,378915534760.0
1036,2023-01-20,521541899489.0
1037,2023-01-21,18587199698641.0
1038,2023-01-22,2957049512003.0
1039,2023-01-23,2984672885858.0
1040,2023-01-24,4759680085761.0
1041,2023-01-25,3186180307045.0
1042,2023-01-26,599683236780.0
1043,2023-01-27,491116985855.0
1044,2023-01-28,2548767666903.0
1045,2023-01-29,2852320255355.0
1046,2023-01-30,2761590988799.0
1047,2023-01-31,1802774207807.0
1048,2023-02-01,2249330746527.0
1049,2023-02-02,383061108142.0
1050,2023-02-03,197064779003.0
1051,2023-02-04,322988220691.0
1052,2023-02-05,1708623227853.0
1053,2023-02-06,1839732524966.0
1054,2023-02-07,2825164373810.0
1055,2023-02-08,2744874725211.0
1056,2023-02-09,275866878615.0
1057,2023-02-10,180024652276.0
1058,2023-02-11,297849024891.0
1059,2023-02-12,2126666597233.0
1060,2023-02-13,3920773688247.0
1061,2023-02-14,3097380619235.0
1062,2023-02-15,3985722991045.0
1063,2023-02-16,395216253394.0
1064,2023-02-17,245738446360.0
1065,2023-02-18,385759007344.0
1066,2023-02-19,3111538449396.0
1067,2023-02-20,5096485619451.0
1068,2023-02-21,3506269210800.0
1069,2023-02-22,3027848704559.0
1070,2023-02-23,532655513869.0
1071,2023-02-24,641134729157.0
1072,2023-02-25,5411983249700.0
1073,2023-02-26,5854051005535.0
1074,2023-02-27,5255986134752.0
1075,2023-02-28,5504418474375.0
1076,2023-03-01,8259543736123.0
1077,2023-03-02,611323522416.0
1078,2023-03-03,427198444733.0
1079,2023-03-04,3506005435355.0
1080,2023-03-05,3195907030395.0
1081,2023-03-06,3407618913741.0
1082,2023-03-07,3511276895695.0
1083,2023-03-08,241131289428.0
1084,2023-03-09,471894000499.0
1085,2023-03-10,457798573274.0
1086,2023-03-11,3233300035691.0
1087,2023-03-12,5769853153387.0
1088,2023-03-13,7139315729240.0
1089,2023-03-14,6449923968518.0
1090,2023-03-15,7791492890518.0
1091,2023-03-16,759410825774.0
1092,2023-03-17,727005026507.0
1093,2023-03-18,18905607432865.0
1094,2023-03-19,6453794641284.0
1095,2023-03-20,244116499029.0
1096,2023-03-21,211677524233.0
1097,2023-03-22,230504143836.0
1098,2023-03-23,328140633588.0
1099,2023-03-24,637091946953.0
1100,2023-03-25,5319265196099.0
1101,2023-03-26,3977637402295.0
1102,2023-03-27,2775769793692.0
1103,2023-03-28,3206220296937.0
1104,2023-03-29,3877623757098.0
1105,2023-03-30,447950800381.0
1106,2023-03-31,313114628804.0
1107,2023-04-01,351509568961.0
1108,2023-04-02,590493926926.0
1109,2023-04-03,3258547292077.0
1110,2023-04-04,7994284812548.0
1111,2023-04-05,4617058905037.0
1112,2023-04-06,588499370030.0
1113,2023-04-07,704531014534.0
1114,2023-04-08,5048780947817.0
1115,2023-04-09,4534071086667.0
1116,2023-04-10,3789043195643.0
1117,2023-04-11,4332133946256.0
1118,2023-04-12,291835321610.0
1119,2023-04-13,589786355818.0
1120,2023-04-14,649353972712.0
1121,2023-04-15,3922375520765.0
1122,2023-04-16,4516984902754.0
1123,2023-04-17,3977652932285.0
1124,2023-04-18,5368065346218.0
1125,2023-04-19,6889473040794.0
1126,2023-04-20,962271768857.0
1127,2023-04-21,480358229253.0
1128,2023-04-22,504665251417.0
1129,2023-04-23,1060211376399.0
1130,2023-04-24,6114677463654.0
1131,2023-04-25,5053034769185.0
1132,2023-04-26,4514523770975.0
1133,2023-04-27,751475029558.0
1134,2023-04-28,986315893208.0
1135,2023-04-29,6064779403612.0
1136,2023-04-30,6571859239647.0
1137,2023-05-01,4627723475749.0
1138,2023-05-02,5053689591602.0
1139,2023-05-03,227523347441.0
1140,2023-05-04,834432409855.0
1141,2023-05-05,1164662380712.0
1142,2023-05-06,7343245959443.0
1143,2023-05-07,4723910364215.0
1144,2023-05-08,4264403192597.0
1145,2023-05-09,4924950103518.0
1146,2023-05-10,5113217372626.0
1147,2023-05-11,936205907087.0
1148,2023-05-12,451787675939.0
1149,2023-05-13,3384096147840.0
1150,2023-05-14,2866049241207.0
1151,2023-05-15,2757511462727.0
1152,2023-05-16,351184980685.0
1153,2023-05-17,1977189717836.0
1154,2023-05-18,592013219186.0
1155,2023-05-19,527170467075.0
1156,2023-05-20,4112222632943.0
1157,2023-05-21,3157684172954.0
1158,2023-05-22,5285802517514.0
1159,2023-05-23,3001638055305.0
1160,2023-05-24,2985945409145.0
1161,2023-05-25,1050412008796.0
1162,2023-05-26,548100618267.0
1163,2023-05-27,3614984037308.0
1164,2023-05-28,2444124683317.0
1165,2023-05-29,4838119999275.0
1166,2023-05-30,3702881802585.0
1167,2023-05-31,1977859080953.0
1168,2023-06-01,495730373235.0
1169,2023-06-02,451177588873.0
1170,2023-06-03,2775766706344.0
1171,2023-06-04,250919387095.0
1172,2023-06-05,360811761155.0
1173,2023-06-06,3503535768369.0
1174,2023-06-07,4271456928305.0
1175,2023-06-08,555425549753.0
1176,2023-06-09,442021743850.0
1177,2023-06-10,3131351816669.0
1178,2023-06-11,3800476663853.0
1179,2023-06-12,4279335286196.0
1180,2023-06-13,4586712216857.0
1181,2023-06-14,4274685946703.0
1182,2023-06-15,928409395670.0
1183,2023-06-16,825472673275.0
1184,2023-06-17,4442288046188.0
1185,2023-06-18,4122202319666.0
1186,2023-06-19,3460993094558.0
1187,2023-06-20,3220543130427.0
1188,2023-06-21,3675034375817.0
1189,2023-06-22,593506674463.0
1190,2023-06-23,558864323698.0
1191,2023-06-24,3568586395960.0
1192,2023-06-25,3455425860762.0
1193,2023-06-26,2829634328263.0
1194,2023-06-27,4148307228674.0
1195,2023-06-28,3115612656701.0
1196,2023-06-29,236949454586.0
1197,2023-06-30,355003898229.0
1198,2023-07-01,3860288606246.0
1199,2023-07-02,2071371807822.0
1200,2023-07-03,2952880216071.0
1201,2023-07-04,3083573206275.0
1202,2023-07-05,2254256560737.0
1203,2023-07-06,418460075860.0
1204,2023-07-07,362680882974.0
1205,2023-07-08,2591511127003.0
1206,2023-07-09,2240427257796.0
1207,2023-07-10,2217568534878.0
1208,2023-07-11,3223669226460.0
1209,2023-07-12,2721083190714.0
1210,2023-07-13,448742481780.0
1211,2023-07-14,363150374608.0
1212,2023-07-15,2967632336393.0
1213,2023-07-16,2173200834391.0
1214,2023-07-17,2158812172312.0
1215,2023-07-18,2634336750326.0
1216,2023-07-19,2334109641738.0
1217,2023-07-20,402103985184.0
1218,2023-07-21,336020844475.0
1219,2023-07-22,2008477734374.0
1220,2023-07-23,6421840689620.0
1221,2023-07-24,2805702572345.0
1222,2023-07-25,2503873370723.0
1223,2023-07-26,2148817701310.0
1224,2023-07-27,230782219650.0
1225,2023-07-28,264836817243.0
1226,2023-07-29,3211107380496.0
1227,2023-07-30,2318423280797.0
1228,2023-07-31,2702057311543.0
1229,2023-08-01,2792645916224.0
1230,2023-08-02,253707999650.0
1231,2023-08-03,184201921257.0
1232,2023-08-04,282187637006.0
1233,2023-08-05,3641835521121.0
1234,2023-08-06,3451312861490.0
1235,2023-08-07,3822358392187.0
1236,2023-08-08,1995158791485.0
1237,2023-08-09,2574280509759.0
1238,2023-08-10,443489050512.0
1239,2023-08-11,314587652978.0
1240,2023-08-12,2335548156647.0
1241,2023-08-13,4276048221291.0
1242,2023-08-14,2552428216716.0
1243,2023-08-15,2069040553847.0
1244,2023-08-16,2023734098868.0
1245,2023-08-17,430567606530.0
1246,2023-08-18,319070833106.0
1247,2023-08-19,2245355347734.0
1248,2023-08-20,2751169947413.0
1249,2023-08-21,32685122665.0
