,date,sum_balance
0,2020-03-20,307528840272
1,2020-03-21,362950900247
2,2020-03-22,495824834548
3,2020-03-23,1110091396226
4,2020-03-24,9917504814047
5,2020-03-25,9440264602330
6,2020-03-26,939093534983
7,2020-03-27,1702495213672
8,2020-03-28,11951952715397
9,2020-03-29,12602080933658
10,2020-03-30,11936772157908
11,2020-03-31,648355544948
12,2020-04-01,657769725813
13,2020-04-02,934524538493
14,2020-04-03,1766075187253
15,2020-04-04,14305995495584
16,2020-04-05,15059608809896
17,2020-04-06,16079184656257
18,2020-04-07,16983005000184
19,2020-04-08,20775914350718
20,2020-04-09,1178970669253
21,2020-04-10,2064716027962
22,2020-04-11,22481256090374
23,2020-04-12,17634340948199
24,2020-04-13,16218398043039
25,2020-04-14,29372973699472
26,2020-04-15,36883926942957
27,2020-04-16,2213908122944
28,2020-04-17,3054475640227
29,2020-04-18,43613971317300
30,2020-04-19,24897925277956
31,2020-04-20,22226766156672
32,2020-04-21,22861540286671
33,2020-04-22,23512099752151
34,2020-04-23,3795572459638
35,2020-04-24,5695913558923
36,2020-04-25,30141119615993
37,2020-04-26,33410319408990
38,2020-04-27,35823486458039
39,2020-04-28,34844316627200
40,2020-04-29,36741431095886
41,2020-04-30,4972855898991
42,2020-05-01,7216802752669
43,2020-05-02,45146400241061
44,2020-05-03,49210069675960
45,2020-05-04,46314003719728
46,2020-05-05,40986579242315
47,2020-05-06,36440645042502
48,2020-05-07,3733144183283
49,2020-05-08,5589157694629
50,2020-05-09,38304038936053
51,2020-05-10,37718776781742
52,2020-05-11,34621369189645
53,2020-05-12,33197123626310
54,2020-05-13,32373655641136
55,2020-05-14,2414105404351
56,2020-05-15,3030556713815
57,2020-05-16,32563647914111
58,2020-05-17,26191081706631
59,2020-05-18,28323695574803
60,2020-05-19,31663544434491
61,2020-05-20,33334388547269
62,2020-05-21,3614165362574
63,2020-05-22,2889611930170
64,2020-05-23,34121975898874
65,2020-05-24,1658985515611
66,2020-05-25,2611546114585
67,2020-05-26,36206879258164
68,2020-05-27,36610593131268
69,2020-05-28,2012427207165
70,2020-05-29,2571392583908
71,2020-05-30,40297303705233
72,2020-05-31,34845992325522
73,2020-06-01,23120683648877
74,2020-06-02,21456712618962
75,2020-06-03,1200904904142
76,2020-06-04,1044448044172
77,2020-06-05,1082251308236
78,2020-06-06,24687159849744
79,2020-06-07,26586537978557
80,2020-06-08,28237758014131
81,2020-06-09,26453700828582
82,2020-06-10,25022272205055
83,2020-06-11,2568538258244
84,2020-06-12,3378639294470
85,2020-06-13,28585544869791
86,2020-06-14,31132955384435
87,2020-06-15,31174133286747
88,2020-06-16,29741359503023
89,2020-06-17,2109692298055
90,2020-06-18,3414646034632
91,2020-06-19,5026416852899
92,2020-06-20,34588817691103
93,2020-06-21,38104879261094
94,2020-06-22,39165294204187
95,2020-06-23,40994465924392
96,2020-06-24,30771867968192
97,2020-06-25,872411572046
98,2020-06-26,1379782536558
99,2020-06-27,29689487209793
100,2020-06-28,24976174984360
101,2020-06-29,41773817290178
102,2020-06-30,52645722812613
103,2020-07-01,69807585021942
104,2020-07-02,22348868933080
105,2020-07-03,7084260003287
106,2020-07-04,69198874086093
107,2020-07-05,62545842746328
108,2020-07-06,55632646169183
109,2020-07-07,53746184994829
110,2020-07-08,59228267346029
111,2020-07-09,4642893832117
112,2020-07-10,5474549338382
113,2020-07-11,64153794232166
114,2020-07-12,63025542899296
115,2020-07-13,58721296961451
116,2020-07-14,48741020251628
117,2020-07-15,53311478006406
118,2020-07-16,3929450372800
119,2020-07-17,5213772090420
120,2020-07-18,57440459340288
121,2020-07-19,52973587927419
122,2020-07-20,44883266445903
123,2020-07-21,43216069287356
124,2020-07-22,45785648756774
125,2020-07-23,4209510465144
126,2020-07-24,6008751974051
127,2020-07-25,51350626963278
128,2020-07-26,50481016863449
129,2020-07-27,41477181058337
130,2020-07-28,40377579020482
131,2020-07-29,45385748488340
132,2020-07-30,3936761671847
133,2020-07-31,5110780088416
134,2020-08-01,47645570124778
135,2020-08-02,46198225011649
136,2020-08-03,41903405981692
137,2020-08-04,36198882886311
138,2020-08-05,40299599047247
139,2020-08-06,3165434956951
140,2020-08-07,2835632494997
141,2020-08-08,5002316956853
142,2020-08-09,44595882260781
143,2020-08-10,40761027328920
144,2020-08-11,29816192466491
145,2020-08-12,28090194347534
146,2020-08-13,1946092522936
147,2020-08-14,2601961502846
148,2020-08-15,33850621401148
149,2020-08-16,25878721007229
150,2020-08-17,23097901422448
151,2020-08-18,27086882853524
152,2020-08-19,30233855529218
153,2020-08-20,1335061355783
154,2020-08-21,1876603911962
155,2020-08-22,24374120132562
156,2020-08-23,24347974445299
157,2020-08-24,17989840331074
158,2020-08-25,24238571845611
159,2020-08-26,34686057974799
160,2020-08-27,2094329793912
161,2020-08-28,1788975573934
162,2020-08-29,1897842796858
163,2020-08-30,3517080605580
164,2020-08-31,40217929562630
165,2020-09-01,30322738056379
166,2020-09-02,31826128933434
167,2020-09-03,1057860689272
168,2020-09-04,1190588012740
169,2020-09-05,32946883916901
170,2020-09-06,31846197002561
171,2020-09-07,23840056372859
172,2020-09-08,20222604252213
173,2020-09-09,31314935625663
174,2020-09-10,1248761754418
175,2020-09-11,1626633809989
176,2020-09-12,35600309579524
177,2020-09-13,35224503874193
178,2020-09-14,22201424111863
179,2020-09-15,28535077934622
180,2020-09-16,33451351437484
181,2020-09-17,2773863619467
182,2020-09-18,3513996751749
183,2020-09-19,37592012347712
184,2020-09-20,37994007300482
185,2020-09-21,25784599507398
186,2020-09-22,20824447103507
187,2020-09-23,50311367129153
188,2020-09-24,889529640687
189,2020-09-25,1102227746633
190,2020-09-26,52038757371036
191,2020-09-27,38599989481023
192,2020-09-28,16168056368302
193,2020-09-29,15667418984573
194,2020-09-30,17447229568965
195,2020-10-01,790529024230
196,2020-10-02,1135129689887
197,2020-10-03,22486919822446
198,2020-10-04,24194294771771
199,2020-10-05,23249550835215
200,2020-10-06,22275118891716
201,2020-10-07,23532882207939
202,2020-10-08,772242753635
203,2020-10-09,1217643984777
204,2020-10-10,24185781860370
205,2020-10-11,28268198368011
206,2020-10-12,29346575023430
207,2020-10-13,25892101439853
208,2020-10-14,23463723673259
209,2020-10-15,8805047507357
210,2020-10-16,553019704684
211,2020-10-17,946177236316
212,2020-10-18,15113647364770
213,2020-10-19,13665879431291
214,2020-10-20,12221666865663
215,2020-10-21,13736250834819
216,2020-10-22,570982206319
217,2020-10-23,755101676149
218,2020-10-24,13934694301957
219,2020-10-25,463245611609
220,2020-10-26,12076561024388
221,2020-10-27,11035672803154
222,2020-10-28,13383558811135
223,2020-10-29,542386422394
224,2020-10-30,768457741831
225,2020-10-31,15210296588494
226,2020-11-01,17037301827269
227,2020-11-02,14582351653350
228,2020-11-03,505566956246
229,2020-11-04,15075038846066
230,2020-11-05,513096992299
231,2020-11-06,715432899279
232,2020-11-07,15487014454048
233,2020-11-08,14056741286430
234,2020-11-09,11979071400322
235,2020-11-10,13781781739317
236,2020-11-11,15688841942182
237,2020-11-12,539279920695
238,2020-11-13,837046503188
239,2020-11-14,18429533094039
240,2020-11-15,20509958301854
241,2020-11-16,18886467399686
242,2020-11-17,19487570112866
243,2020-11-18,20481577846790
244,2020-11-19,1310736181716
245,2020-11-20,1933303493807
246,2020-11-21,25306757559187
247,2020-11-22,24289034042134
248,2020-11-23,25441601721561
249,2020-11-24,24839115783269
250,2020-11-25,23987716901072
251,2020-11-26,903913512821
252,2020-11-27,1234625728656
253,2020-11-28,25508196723079
254,2020-11-29,26765316916091
255,2020-11-30,27072567333891
256,2020-12-01,26295167810983
257,2020-12-02,28327162628561
258,2020-12-03,1687518709801
259,2020-12-04,1514000984579
260,2020-12-05,29313886390734
261,2020-12-06,29834451754740
262,2020-12-07,28366975768880
263,2020-12-08,27581560586534
264,2020-12-09,35770533613551
265,2020-12-10,1614518095503
266,2020-12-11,2082049124011
267,2020-12-12,37037993415235
268,2020-12-13,31723125382011
269,2020-12-14,24726437648685
270,2020-12-15,22419318241865
271,2020-12-16,21812824059678
272,2020-12-17,782396531177
273,2020-12-18,1035419871930
274,2020-12-19,24488383098748
275,2020-12-20,24499335643685
276,2020-12-21,21639037465668
277,2020-12-22,21729081266864
278,2020-12-23,21420224337008
279,2020-12-24,925084059499
280,2020-12-25,1443630363007
281,2020-12-26,22574392776237
282,2020-12-27,23021463942474
283,2020-12-28,22745977058774
284,2020-12-29,20747800591109
285,2020-12-30,19603327050552
286,2020-12-31,730723864449
287,2021-01-01,755847690714
288,2021-01-02,20496809595951
289,2021-01-03,21409328974414
290,2021-01-04,21464275060586
291,2021-01-05,20377186771837
292,2021-01-06,21906350714399
293,2021-01-07,694304119898
294,2021-01-08,789918469002
295,2021-01-09,22766365981084
296,2021-01-10,24293563764337
297,2021-01-11,20927117392967
298,2021-01-12,18585552669467
299,2021-01-13,17082222630144
300,2021-01-14,740055543229
301,2021-01-15,812830553405
302,2021-01-16,18458331809882
303,2021-01-17,510572309688
304,2021-01-18,18140317157205
305,2021-01-19,17962721270209
306,2021-01-20,19886052315028
307,2021-01-21,917164679765
308,2021-01-22,1277519704696
309,2021-01-23,21259251701670
310,2021-01-24,21455247770232
311,2021-01-25,18667934023874
312,2021-01-26,17417230423577
313,2021-01-27,15934862594794
314,2021-01-28,737899736795
315,2021-01-29,942467485515
316,2021-01-30,16840506930010
317,2021-01-31,19068366308552
318,2021-02-01,18535491859516
319,2021-02-02,16765171784473
320,2021-02-03,21401485046280
321,2021-02-04,425457843230
322,2021-02-05,586845215156
323,2021-02-06,21722528207255
324,2021-02-07,20533558261448
325,2021-02-08,17018130310425
326,2021-02-09,15335442077466
327,2021-02-10,470890300443
328,2021-02-11,799951125480
329,2021-02-12,936830232982
330,2021-02-13,17578416245206
331,2021-02-14,17975428134705
332,2021-02-15,14418633687054
333,2021-02-16,11909442378809
334,2021-02-17,10919614603185
335,2021-02-18,475673127858
336,2021-02-19,548824905630
337,2021-02-20,11540596265682
338,2021-02-21,11045353720564
339,2021-02-22,8715522319448
340,2021-02-23,9006137841724
341,2021-02-24,14976411960023
342,2021-02-25,313132744792
343,2021-02-26,421068748051
344,2021-02-27,14394694290019
345,2021-02-28,10129704111197
346,2021-03-01,7218258903753
347,2021-03-02,8121628061117
348,2021-03-03,8739717380047
349,2021-03-04,514053634449
350,2021-03-05,441440636106
351,2021-03-06,8205266453552
352,2021-03-07,7966094230438
353,2021-03-08,8305716853281
354,2021-03-09,9686415825430
355,2021-03-10,8294404310587
356,2021-03-11,333972994977
357,2021-03-12,353667807136
358,2021-03-13,7782183835017
359,2021-03-14,7866726430421
360,2021-03-15,7701754152284
361,2021-03-16,8939072429045
362,2021-03-17,8035812449506
363,2021-03-18,235223076881
364,2021-03-19,726898519555
365,2021-03-20,311432276764
366,2021-03-21,267185832854
367,2021-03-22,251872926632
368,2021-03-23,437920983127
369,2021-03-24,349654273045
370,2021-03-25,1016549701509
371,2021-03-26,756582658323
372,2021-03-27,8902637331215
373,2021-03-28,8878503406635
374,2021-03-29,551196470413
375,2021-03-30,7976351700310
376,2021-03-31,7936142860315
377,2021-04-01,338451494072
378,2021-04-02,465574477794
379,2021-04-03,7517122858002
380,2021-04-04,6347596169648
381,2021-04-05,5624124923384
382,2021-04-06,5974636206178
383,2021-04-07,5474035259149
384,2021-04-08,176398490720
385,2021-04-09,393247893979
386,2021-04-10,4354649466858
387,2021-04-11,3527400374018
388,2021-04-12,3709237508665
389,2021-04-13,5261603372701
390,2021-04-14,5531417245325
391,2021-04-15,350033951585
392,2021-04-16,322145255792
393,2021-04-17,4260785556587
394,2021-04-18,3391269269511
395,2021-04-19,3273690066569
396,2021-04-20,4132500466760
397,2021-04-21,3955348120990
398,2021-04-22,375369420031
399,2021-04-23,308895137870
400,2021-04-24,3611928701702
401,2021-04-25,3079951722538
402,2021-04-26,3027404603215
403,2021-04-27,3710292988886
404,2021-04-28,4524897434598
405,2021-04-29,511078103944
406,2021-04-30,546104656476
407,2021-05-01,4933281219752
408,2021-05-02,5204807248914
409,2021-05-03,3634309220628
410,2021-05-04,249385210236
411,2021-05-05,3602384292658
412,2021-05-06,234923218433
413,2021-05-07,406515401405
414,2021-05-08,3801753100758
415,2021-05-09,3183734974815
416,2021-05-10,3269839532473
417,2021-05-11,4319933566168
418,2021-05-12,6424711306639
419,2021-05-13,200012211181
420,2021-05-14,252661689689
421,2021-05-15,6249327050603
422,2021-05-16,6533130917055
423,2021-05-17,4378514297955
424,2021-05-18,4241865351164
425,2021-05-19,6547263635175
426,2021-05-20,336828979899
427,2021-05-21,284547325001
428,2021-05-22,6879934236252
429,2021-05-23,6838359938998
430,2021-05-24,4783570151027
431,2021-05-25,6143492760596
432,2021-05-26,9537758750342
433,2021-05-27,390836334999
434,2021-05-28,267740480246
435,2021-05-29,10836840339647
436,2021-05-30,10354556814620
437,2021-05-31,6673123171502
438,2021-06-01,6761642785796
439,2021-06-02,6859781995935
440,2021-06-03,496201212737
441,2021-06-04,269753271817
442,2021-06-05,263708765698
443,2021-06-06,307444124199
444,2021-06-07,8294958693200
445,2021-06-08,8963604162409
446,2021-06-09,10207133610538
447,2021-06-10,191193706634
448,2021-06-11,285578946667
449,2021-06-12,10256112634744
450,2021-06-13,9432595812666
451,2021-06-14,6416791478037
452,2021-06-15,5984625952190
453,2021-06-16,9421046832012
454,2021-06-17,355501767227
455,2021-06-18,240440771401
456,2021-06-19,10201216107081
457,2021-06-20,9804894447772
458,2021-06-21,6563875528213
459,2021-06-22,7647510289326
460,2021-06-23,11401056358506
461,2021-06-24,531302021461
462,2021-06-25,664236581649
463,2021-06-26,12732688721060
464,2021-06-27,13348412722095
465,2021-06-28,10268073099159
466,2021-06-29,10840568026232
467,2021-06-30,10502677281954
468,2021-07-01,717005537697
469,2021-07-02,730350759003
470,2021-07-03,10460042715774
471,2021-07-04,9977099352248
472,2021-07-05,9878787286303
473,2021-07-06,9750747813884
474,2021-07-07,8842606446795
475,2021-07-08,293556816558
476,2021-07-09,430116777486
477,2021-07-10,9180203772845
478,2021-07-11,9186624243868
479,2021-07-12,10154457538325
480,2021-07-13,9736571945580
481,2021-07-14,13635250922173
482,2021-07-15,416516168630
483,2021-07-16,590650764037
484,2021-07-17,14205556442716
485,2021-07-18,13391864936139
486,2021-07-19,9490689803455
487,2021-07-20,311963768264
488,2021-07-21,294335811730
489,2021-07-22,270933370598
490,2021-07-23,366672100466
491,2021-07-24,462237622304
492,2021-07-25,740529601396
493,2021-07-26,10321154984661
494,2021-07-27,9346003923465
495,2021-07-28,12042677349550
496,2021-07-29,490246305711
497,2021-07-30,668060037274
498,2021-07-31,12971218270089
499,2021-08-01,12499764597726
500,2021-08-02,8168574482347
501,2021-08-03,8148207731317
502,2021-08-04,8353268428024
503,2021-08-05,369765739459
504,2021-08-06,865814625498
505,2021-08-07,8927587311380
506,2021-08-08,8064448550903
507,2021-08-09,10311560714730
508,2021-08-10,10119943940290
509,2021-08-11,15060742317410
510,2021-08-12,892759585749
511,2021-08-13,900606383356
512,2021-08-14,15862676185745
513,2021-08-15,15442498739516
514,2021-08-16,487306318759
515,2021-08-17,397905262072
516,2021-08-18,373345407742
517,2021-08-19,345530600162
518,2021-08-20,480303445599
519,2021-08-21,809993423778
520,2021-08-22,14227025695940
521,2021-08-23,15931453464713
522,2021-08-24,16230819837801
523,2021-08-25,16364605781459
524,2021-08-26,1428009660099
525,2021-08-27,1405435220980
526,2021-08-28,18354605966390
527,2021-08-29,19601350137490
528,2021-08-30,19366663821610
529,2021-08-31,20885704543678
530,2021-09-01,21936977739862
531,2021-09-02,1038306255781
532,2021-09-03,1310638879478
533,2021-09-04,21163870533228
534,2021-09-05,18173551896331
535,2021-09-06,18942367594838
536,2021-09-07,21409822286745
537,2021-09-08,29864339339445
538,2021-09-09,875276316722
539,2021-09-10,975797260502
540,2021-09-11,32535161986734
541,2021-09-12,30862454243542
542,2021-09-13,21871837424541
543,2021-09-14,15566362175332
544,2021-09-15,22524730537865
545,2021-09-16,534700711596
546,2021-09-17,709752077691
547,2021-09-18,24277412557839
548,2021-09-19,18146908742510
549,2021-09-20,11671922594331
550,2021-09-21,13153356680781
551,2021-09-22,13690026764884
552,2021-09-23,984370522510
553,2021-09-24,965236812434
554,2021-09-25,17067560973764
555,2021-09-26,17372853682519
556,2021-09-27,755980384783
557,2021-09-28,15223806527497
558,2021-09-29,14526599528012
559,2021-09-30,605134106415
560,2021-10-01,724059886966
561,2021-10-02,14500026055085
562,2021-10-03,11873585992920
563,2021-10-04,11096315932233
564,2021-10-05,493700760911
565,2021-10-06,10190182541264
566,2021-10-07,272034911694
567,2021-10-08,420829365365
568,2021-10-09,10269176539670
569,2021-10-10,9852947110526
570,2021-10-11,10033582349490
571,2021-10-12,9590166452538
572,2021-10-13,7903033132191
573,2021-10-14,632090833378
574,2021-10-15,673843226484
575,2021-10-16,9193232693597
576,2021-10-17,9948186820789
577,2021-10-18,8794628369399
578,2021-10-19,8505488964054
579,2021-10-20,8343482493083
580,2021-10-21,444156663422
581,2021-10-22,422520033371
582,2021-10-23,8156789552905
583,2021-10-24,362451533004
584,2021-10-25,8309599758033
585,2021-10-26,7846263647360
586,2021-10-27,7471559260750
587,2021-10-28,329401998002
588,2021-10-29,383063112701
589,2021-10-30,8532050624452
590,2021-10-31,7684298086054
591,2021-11-01,7826867839591
592,2021-11-02,8789950085270
593,2021-11-03,7333228750195
594,2021-11-04,564298255290
595,2021-11-05,679161579312
596,2021-11-06,7555080246761
597,2021-11-07,9031011314368
598,2021-11-08,8902036981195
599,2021-11-09,9069976761994
600,2021-11-10,7968019648544
601,2021-11-11,507404448383
602,2021-11-12,596552204033
603,2021-11-13,8394062121662
604,2021-11-14,7957015919057
605,2021-11-15,8930831653166
606,2021-11-16,8127344087852
607,2021-11-17,7172462875726
608,2021-11-18,538642584474
609,2021-11-19,524042566685
610,2021-11-20,6940869542800
611,2021-11-21,6764025395188
612,2021-11-22,7029477937200
613,2021-11-23,7112537157368
614,2021-11-24,6297578379086
615,2021-11-25,517928659142
616,2021-11-26,465706225612
617,2021-11-27,6543736386656
618,2021-11-28,5498811473217
619,2021-11-29,5122620656108
620,2021-11-30,5121130740959
621,2021-12-01,4973290626348
622,2021-12-02,315629244124
623,2021-12-03,363722621338
624,2021-12-04,5196306144264
625,2021-12-05,5260840998665
626,2021-12-06,4952743105198
627,2021-12-07,4661572698498
628,2021-12-08,4257635101453
629,2021-12-09,640479177032
630,2021-12-10,540227328878
631,2021-12-11,4841080159134
632,2021-12-12,4747231224262
633,2021-12-13,4337027736914
634,2021-12-14,4789721966223
635,2021-12-15,4129425650671
636,2021-12-16,318442441874
637,2021-12-17,380854309973
638,2021-12-18,4529984788565
639,2021-12-19,4464578822119
640,2021-12-20,4025368656540
641,2021-12-21,3807656954991
642,2021-12-22,4305494934607
643,2021-12-23,586902477899
644,2021-12-24,666748582260
645,2021-12-25,5796429247718
646,2021-12-26,6088848227823
647,2021-12-27,6022121824002
648,2021-12-28,5356871595962
649,2021-12-29,5149825455300
650,2021-12-30,424188648550
651,2021-12-31,482383085636
652,2022-01-01,5012619709967
653,2022-01-02,5072698018121
654,2022-01-03,4774214961673
655,2022-01-04,4537958073855
656,2022-01-05,4053555414890
657,2022-01-06,277075069202
658,2022-01-07,326355438749
659,2022-01-08,4520732387794
660,2022-01-09,4417771228784
661,2022-01-10,4607927699766
662,2022-01-11,4718395164554
663,2022-01-12,4381085868853
664,2022-01-13,259779273695
665,2022-01-14,363922507395
666,2022-01-15,4003198916291
667,2022-01-16,4216301239482
668,2022-01-17,3665974831611
669,2022-01-18,3928008001137
670,2022-01-19,3638490485230
671,2022-01-20,282933068140
672,2022-01-21,403539649253
673,2022-01-22,4516345838779
674,2022-01-23,4228409348645
675,2022-01-24,4126062483147
676,2022-01-25,4066769835027
677,2022-01-26,4135756166868
678,2022-01-27,363270253024
679,2022-01-28,317261765594
680,2022-01-29,4939361541935
681,2022-01-30,5136752179533
682,2022-01-31,5489525474820
683,2022-02-01,5527836663543
684,2022-02-02,4967828803760
685,2022-02-03,379415062602
686,2022-02-04,373808082950
687,2022-02-05,4518758560506
688,2022-02-06,5088297656001
689,2022-02-07,4906062830691
690,2022-02-08,5457512262360
691,2022-02-09,8347213054854
692,2022-02-10,352785282315
693,2022-02-11,412729679619
694,2022-02-12,8214918292363
695,2022-02-13,7139216670528
696,2022-02-14,4512398764126
697,2022-02-15,388844127835
698,2022-02-16,5117427335859
699,2022-02-17,259613782503
700,2022-02-18,359379813598
701,2022-02-19,5410524300489
702,2022-02-20,5819610602123
703,2022-02-21,4943636399183
704,2022-02-22,4999297268256
705,2022-02-23,4430332703797
706,2022-02-24,282094234665
707,2022-02-25,409964710198
708,2022-02-26,4614615753868
709,2022-02-27,4445601669761
710,2022-02-28,3988903316955
711,2022-03-01,367955537177
712,2022-03-02,3526879491789
713,2022-03-03,513050974654
714,2022-03-04,469443996115
715,2022-03-05,4421978739121
716,2022-03-06,5066152858343
717,2022-03-07,5692863362565
718,2022-03-08,5701841035633
719,2022-03-09,5160136189940
720,2022-03-10,622658908543
721,2022-03-11,470420370905
722,2022-03-12,5890365519676
723,2022-03-13,5191292273080
724,2022-03-14,4930283395405
725,2022-03-15,4248320362295
726,2022-03-16,3970036480380
727,2022-03-17,629335409163
728,2022-03-18,549895313110
729,2022-03-19,4733294211811
730,2022-03-20,214969640094
731,2022-03-21,261787410107
732,2022-03-22,211380706893
733,2022-03-23,324825692169
734,2022-03-24,283005934093
735,2022-03-25,507255037114
736,2022-03-26,5497278840806
737,2022-03-27,6814850270112
738,2022-03-28,6466362794245
739,2022-03-29,6992693185239
740,2022-03-30,8055536788001
741,2022-03-31,320530390369
742,2022-04-01,290346374898
743,2022-04-02,497489827586
744,2022-04-03,8933419631243
745,2022-04-04,8789614227382
746,2022-04-05,8452343462774
747,2022-04-06,9023561729138
748,2022-04-07,361812002204
749,2022-04-08,537945402839
750,2022-04-09,8140871955876
751,2022-04-10,8791729299337
752,2022-04-11,8619570105583
753,2022-04-12,8176927628645
754,2022-04-13,7743827242513
755,2022-04-14,541021573441
756,2022-04-15,624816374658
757,2022-04-16,8570954086787
758,2022-04-17,7775828214962
759,2022-04-18,8325725540190
760,2022-04-19,8775094028456
761,2022-04-20,8818432076881
762,2022-04-21,95902004413
763,2022-04-22,757811183952
764,2022-04-23,712429655971
765,2022-04-24,9009609345671
766,2022-04-25,9053179470676
767,2022-04-26,9694785779087
768,2022-04-27,12513374401236
769,2022-04-28,703380390711
770,2022-04-29,596930584297
771,2022-04-30,12254176592879
772,2022-05-01,11518604927984
773,2022-05-02,7519761889756
774,2022-05-03,345305148319
775,2022-05-04,299524313891
776,2022-05-05,605964080935
777,2022-05-06,621817271218
778,2022-05-07,8454243396470
779,2022-05-08,9069960762245
780,2022-05-09,9103585687673
781,2022-05-10,8848886005556
782,2022-05-11,9486656617356
783,2022-05-12,818557503895
784,2022-05-13,999590005050
785,2022-05-14,10072033279698
786,2022-05-15,10203974925754
787,2022-05-16,13473769114783
788,2022-05-17,14157087745830
789,2022-05-18,12898274562591
790,2022-05-19,698714102504
791,2022-05-20,785225114548
792,2022-05-21,13316850743202
793,2022-05-22,12015027867662
794,2022-05-23,9326611042577
795,2022-05-24,8600892909323
796,2022-05-25,8815067864236
797,2022-05-26,567515252720
798,2022-05-27,612924583564
799,2022-05-28,10160376884148
800,2022-05-29,8966863665585
801,2022-05-30,9761689924527
802,2022-05-31,9305412199925
803,2022-06-01,7996024182454
804,2022-06-02,410786495072
805,2022-06-03,323908977854
806,2022-06-04,357834887874
807,2022-06-05,528782501830
808,2022-06-06,9172232824695
809,2022-06-07,8217755322548
810,2022-06-08,6619180556582
811,2022-06-09,720603392191
812,2022-06-10,584713319069
813,2022-06-11,6285206397433
814,2022-06-12,6496400464994
815,2022-06-13,8176918287934
816,2022-06-14,8587257976481
817,2022-06-15,7450681811924
818,2022-06-16,364955678669
819,2022-06-17,450477506029
820,2022-06-18,6684801608978
821,2022-06-19,6548637594154
822,2022-06-20,5885945038772
823,2022-06-21,6591249656699
824,2022-06-22,5907279319125
825,2022-06-23,598746366968
826,2022-06-24,632272193175
827,2022-06-25,6414205025120
828,2022-06-26,6763716476638
829,2022-06-27,7394567778847
830,2022-06-28,6891126250726
831,2022-06-29,6629870922977
832,2022-06-30,523172899037
833,2022-07-01,490401431917
834,2022-07-02,5556352543239
835,2022-07-03,4715585468811
836,2022-07-04,5197223689851
837,2022-07-05,5082958671910
838,2022-07-06,5169893780767
839,2022-07-07,431723479761
840,2022-07-08,492186422643
841,2022-07-09,5091092502289
842,2022-07-10,510690029105
843,2022-07-11,4968456762914
844,2022-07-12,5064259732942
845,2022-07-13,4538274955753
846,2022-07-14,419964874648
847,2022-07-15,435746069031
848,2022-07-16,4196946157256
849,2022-07-17,4000852577037
850,2022-07-18,359198479127
851,2022-07-19,3665583463247
852,2022-07-20,4095678554109
853,2022-07-21,491031272346
854,2022-07-22,541523193818
855,2022-07-23,4459077364702
856,2022-07-24,4970490342997
857,2022-07-25,4634114667684
858,2022-07-26,4475306784188
859,2022-07-27,4595457819687
860,2022-07-28,811630648578
861,2022-07-29,790516275473
862,2022-07-30,4805685879764
863,2022-07-31,4667978086337
864,2022-08-01,4201385256459
865,2022-08-02,4014128303915
866,2022-08-03,3384425226586
867,2022-08-04,461693151164
868,2022-08-05,537751614176
869,2022-08-06,4204549912999
870,2022-08-07,353349006301
871,2022-08-08,514955287576
872,2022-08-09,4696869761056
873,2022-08-10,4091580395907
874,2022-08-11,481742750533
875,2022-08-12,612345132189
876,2022-08-13,4453518340472
877,2022-08-14,5303277877755
878,2022-08-15,5110296790007
879,2022-08-16,4937560612365
880,2022-08-17,5166042346618
881,2022-08-18,726363263886
882,2022-08-19,740706414994
883,2022-08-20,5509232891042
884,2022-08-21,5689713761152
885,2022-08-22,4620090465056
886,2022-08-23,5452175901014
887,2022-08-24,5706453425334
888,2022-08-25,873900956431
889,2022-08-26,962300019771
890,2022-08-27,6115999786074
891,2022-08-28,6485966477033
892,2022-08-29,6299612690384
893,2022-08-30,5916120371293
894,2022-08-31,4681714126462
895,2022-09-01,655041533390
896,2022-09-02,526788500830
897,2022-09-03,5314406540832
898,2022-09-04,5036446972372
899,2022-09-05,4717757886861
900,2022-09-06,4282502817535
901,2022-09-07,4814752990119
902,2022-09-08,605847830072
903,2022-09-09,472315225319
904,2022-09-10,4984478090758
905,2022-09-11,4348788093786
906,2022-09-12,4764220271000
907,2022-09-13,4838977761326
908,2022-09-14,4640300689405
909,2022-09-15,538824195561
910,2022-09-16,380087603370
911,2022-09-17,445371649180
912,2022-09-18,4981642441781
913,2022-09-19,4660541037622
914,2022-09-20,4214144353916
915,2022-09-21,3710338338715
916,2022-09-22,587702839809
917,2022-09-23,592382862469
918,2022-09-24,5760775986157
919,2022-09-25,611385720228
920,2022-09-26,5780795108942
921,2022-09-27,729246373982
922,2022-09-28,4639652745280
923,2022-09-29,603633296918
924,2022-09-30,560401222331
925,2022-10-01,4300585793439
926,2022-10-02,4040549662899
927,2022-10-03,3833957745488
928,2022-10-04,3413309376339
929,2022-10-05,472572046057
930,2022-10-06,644351490064
931,2022-10-07,543072902458
932,2022-10-08,3701620073339
933,2022-10-09,4139591993929
934,2022-10-10,3505434985534
935,2022-10-11,2978974587889
936,2022-10-12,2813131237734
937,2022-10-13,574605216372
938,2022-10-14,452124880204
939,2022-10-15,3327401992295
940,2022-10-16,3175717816526
941,2022-10-17,3263927698757
942,2022-10-18,2970672204082
943,2022-10-19,3042479226999
944,2022-10-20,495420000381
945,2022-10-21,529711387221
946,2022-10-22,3625930390474
947,2022-10-23,3822165758231
948,2022-10-24,4305911047203
949,2022-10-25,4617025202314
950,2022-10-26,5535568147684
951,2022-10-27,471551770498
952,2022-10-28,455079173684
953,2022-10-29,4070948682471
954,2022-10-30,4069665266822
955,2022-10-31,3973658821144
956,2022-11-01,3747602513366
957,2022-11-02,3912955296743
958,2022-11-03,511016969197
959,2022-11-04,559957880274
960,2022-11-05,4511861025727
961,2022-11-06,6309408794344
962,2022-11-07,6424546178424
963,2022-11-08,7297518292991
964,2022-11-09,7246831438529
965,2022-11-10,532080659968
966,2022-11-11,561635763864
967,2022-11-12,8144016716604
968,2022-11-13,7710010227133
969,2022-11-14,6605737064962
970,2022-11-15,5591349560299
971,2022-11-16,6061689342731
972,2022-11-17,547171449537
973,2022-11-18,433337362798
974,2022-11-19,5991543546101
975,2022-11-20,5120662364487
976,2022-11-21,5846284710244
977,2022-11-22,6044645419152
978,2022-11-23,6094399021459
979,2022-11-24,766158362787
980,2022-11-25,702716085420
981,2022-11-26,6012120795728
982,2022-11-27,5596820334311
983,2022-11-28,5894565280171
984,2022-11-29,5605724018454
985,2022-11-30,5145938317248
986,2022-12-01,712257726352
987,2022-12-02,738043190551
988,2022-12-03,5282638422253
989,2022-12-04,4958249287180
990,2022-12-05,5402524626228
991,2022-12-06,4609931590398
992,2022-12-07,4578944416523
993,2022-12-08,565086807729
994,2022-12-09,542173936333
995,2022-12-10,4970608307216
996,2022-12-11,5404447250468
997,2022-12-12,5625674874820
998,2022-12-13,6457876067669
999,2022-12-14,7557583967183
1000,2022-12-15,777913921840
1001,2022-12-16,653830758840
1002,2022-12-17,7020057701355
1003,2022-12-18,7638742616246
1004,2022-12-19,7438516714003
1005,2022-12-20,7226031027650
1006,2022-12-21,6062910100755
1007,2022-12-22,1022436325970
1008,2022-12-23,1078044692700
1009,2022-12-24,8233323084649
1010,2022-12-25,10596686623080
1011,2022-12-26,10854322336842
1012,2022-12-27,1072873483405
1013,2022-12-28,10929192276714
1014,2022-12-29,1362016518804
1015,2022-12-30,1497418840824
1016,2022-12-31,13381151334024
1017,2023-01-01,12098090494146
1018,2023-01-02,12455038308252
1019,2023-01-03,11572906195256
1020,2023-01-04,14202305167367
1021,2023-01-05,1154328414408
1022,2023-01-06,957095663569
1023,2023-01-07,22279035075513
1024,2023-01-08,13684831484720
1025,2023-01-09,14216211591689
1026,2023-01-10,12409507072039
1027,2023-01-11,11664484119752
1028,2023-01-12,735945529441
1029,2023-01-13,925222906885
1030,2023-01-14,11042255180941
1031,2023-01-15,-634639353411
1032,2023-01-16,11351945778707
1033,2023-01-17,12997425011715
1034,2023-01-18,12729902051386
1035,2023-01-19,698080662882
1036,2023-01-20,1239316807058
1037,2023-01-21,28923356627219
1038,2023-01-22,14135537295241
1039,2023-01-23,11997830472031
1040,2023-01-24,12414695341595
1041,2023-01-25,12192387934543
1042,2023-01-26,1089076861972
1043,2023-01-27,1058290560570
1044,2023-01-28,11656816142220
1045,2023-01-29,12367378236446
1046,2023-01-30,11229684067975
1047,2023-01-31,11566450448810
1048,2023-02-01,10475913949548
1049,2023-02-02,660391298590
1050,2023-02-03,417369048729
1051,2023-02-04,708529934576
1052,2023-02-05,8701665854390
1053,2023-02-06,7548773713620
1054,2023-02-07,7337438687300
1055,2023-02-08,7978258446055
1056,2023-02-09,489601736116
1057,2023-02-10,389367246320
1058,2023-02-11,647488785761
1059,2023-02-12,8128609817373
1060,2023-02-13,9398339768376
1061,2023-02-14,8073044559200
1062,2023-02-15,7473693955973
1063,2023-02-16,747094211764
1064,2023-02-17,547309927300
1065,2023-02-18,804931757886
1066,2023-02-19,8481600569806
1067,2023-02-20,10811928378648
1068,2023-02-21,12607313668837
1069,2023-02-22,11989798529309
1070,2023-02-23,1112859042604
1071,2023-02-24,1433309182559
1072,2023-02-25,12828507832430
1073,2023-02-26,17659225792444
1074,2023-02-27,17455267233751
1075,2023-02-28,15123555016130
1076,2023-03-01,12881757859756
1077,2023-03-02,1148866421813
1078,2023-03-03,1116252531803
1079,2023-03-04,12720230927461
1080,2023-03-05,11520314587293
1081,2023-03-06,11012843731269
1082,2023-03-07,10977852092176
1083,2023-03-08,627972633245
1084,2023-03-09,990756354911
1085,2023-03-10,1017665347024
1086,2023-03-11,11071259473972
1087,2023-03-12,11327414725888
1088,2023-03-13,12912043212471
1089,2023-03-14,20376112586717
1090,2023-03-15,20700296798938
1091,2023-03-16,1539625177101
1092,2023-03-17,1757012170704
1093,2023-03-18,20165756685834
1094,2023-03-19,15299890677132
1095,2023-03-20,844087121760
1096,2023-03-21,607040798190
1097,2023-03-22,679696251695
1098,2023-03-23,988517246979
1099,2023-03-24,1555779032369
1100,2023-03-25,13362337446959
1101,2023-03-26,13090053341393
1102,2023-03-27,13111104690169
1103,2023-03-28,14562472259385
1104,2023-03-29,15682445981137
1105,2023-03-30,1046418568523
1106,2023-03-31,905562853765
1107,2023-04-01,887340964059
1108,2023-04-02,1393517975979
1109,2023-04-03,17207797804681
1110,2023-04-04,18022971012561
1111,2023-04-05,23363718709684
1112,2023-04-06,1407812784871
1113,2023-04-07,1606146730410
1114,2023-04-08,25728118913398
1115,2023-04-09,25772887302597
1116,2023-04-10,21537505680563
1117,2023-04-11,19993730086278
1118,2023-04-12,844255240546
1119,2023-04-13,1375820826611
1120,2023-04-14,1516544256984
1121,2023-04-15,22215390262540
1122,2023-04-16,22566463786004
1123,2023-04-17,20358343687126
1124,2023-04-18,22022797569708
1125,2023-04-19,22279685596742
1126,2023-04-20,2261935724744
1127,2023-04-21,1109710044500
1128,2023-04-22,1179570123757
1129,2023-04-23,2772781179868
1130,2023-04-24,23337342033340
1131,2023-04-25,22719062609951
1132,2023-04-26,21209040400522
1133,2023-04-27,1492653136261
1134,2023-04-28,2154317290322
1135,2023-04-29,23272219751188
1136,2023-04-30,25607716560167
1137,2023-05-01,22959419361695
1138,2023-05-02,21957986902977
1139,2023-05-03,15153557017080
1140,2023-05-04,1418781879001
1141,2023-05-05,2012464545146
1142,2023-05-06,22106130773388
1143,2023-05-07,21992071502552
1144,2023-05-08,18584547199573
1145,2023-05-09,21516263009069
1146,2023-05-10,25705562187534
1147,2023-05-11,1711339265982
1148,2023-05-12,1161218768208
1149,2023-05-13,21958365569216
1150,2023-05-14,19288880220373
1151,2023-05-15,22757771977521
1152,2023-05-16,1007936676544
1153,2023-05-17,17693095892598
1154,2023-05-18,1504502563384
1155,2023-05-19,1496771231966
1156,2023-05-20,19115212756094
1157,2023-05-21,16996157297714
1158,2023-05-22,17573900467663
1159,2023-05-23,14397199253637
1160,2023-05-24,13318847229548
1161,2023-05-25,2447453349240
1162,2023-05-26,1265830090939
1163,2023-05-27,17047067342919
1164,2023-05-28,15403585008541
1165,2023-05-29,17647917262880
1166,2023-05-30,13726453802893
1167,2023-05-31,9696754698652
1168,2023-06-01,1175161839442
1169,2023-06-02,970686724762
1170,2023-06-03,8102066960707
1171,2023-06-04,840617662198
1172,2023-06-05,1055540929347
1173,2023-06-06,10024119068341
1174,2023-06-07,9027328998211
1175,2023-06-08,1188722869701
1176,2023-06-09,1185179851235
1177,2023-06-10,9712881415286
1178,2023-06-11,17508937389121
1179,2023-06-12,19274901813690
1180,2023-06-13,15736943341766
1181,2023-06-14,9611739515409
1182,2023-06-15,1338889054777
1183,2023-06-16,1430364587015
1184,2023-06-17,10858107716369
1185,2023-06-18,10164565070202
1186,2023-06-19,10006412157800
1187,2023-06-20,8122753091082
1188,2023-06-21,11222373366943
1189,2023-06-22,904300520220
1190,2023-06-23,1066474058711
1191,2023-06-24,12430643130882
1192,2023-06-25,12205077972536
1193,2023-06-26,12669291412954
1194,2023-06-27,14425422397103
1195,2023-06-28,11315691925121
1196,2023-06-29,522103690397
1197,2023-06-30,551956617617
1198,2023-07-01,6246913068557
1199,2023-07-02,7043227045816
1200,2023-07-03,8040095448661
1201,2023-07-04,9530460484025
1202,2023-07-05,8334514033667
1203,2023-07-06,654423309364
1204,2023-07-07,791217619465
1205,2023-07-08,8433689882670
1206,2023-07-09,6042594064177
1207,2023-07-10,5244795946241
1208,2023-07-11,6426307056338
1209,2023-07-12,6335976087645
1210,2023-07-13,652403805145
1211,2023-07-14,673033158932
1212,2023-07-15,6628630229717
1213,2023-07-16,5933845815854
1214,2023-07-17,5274471156988
1215,2023-07-18,7322470474139
1216,2023-07-19,9852508351192
1217,2023-07-20,680816347267
1218,2023-07-21,578573319270
1219,2023-07-22,8876734829899
1220,2023-07-23,11030740895624
1221,2023-07-24,5480498967031
1222,2023-07-25,5206722409250
1223,2023-07-26,4335760240433
1224,2023-07-27,377105112618
1225,2023-07-28,478599080761
1226,2023-07-29,4837712215255
1227,2023-07-30,3858906951302
1228,2023-07-31,4035848150444
1229,2023-08-01,5088957491471
1230,2023-08-02,-619807233601
1231,2023-08-03,377332770397
1232,2023-08-04,655453224454
1233,2023-08-05,4827871549456
1234,2023-08-06,6166176155199
1235,2023-08-07,8366915385859
1236,2023-08-08,7538378597405
1237,2023-08-09,5848014248326
1238,2023-08-10,671186404453
1239,2023-08-11,590687936668
1240,2023-08-12,4673220996471
1241,2023-08-13,5620692122311
1242,2023-08-14,5940167929629
1243,2023-08-15,4902131366653
