,date,sum_payment,sum_deposit,sum_balance,sum_balance_harmony,sum_balance_check,sum_balance_fastpay,index_value,dollar_value,sum_harmony_check
0,2020-03-24,401901615955.0,2218489561287.0,9917504814047.0,7059404659.0,394842211296.0,0.0,0.0,0.0,401901615955.0
1,2020-03-25,636920368821.0,2007216109722.0,9440264602330.0,11787568634.0,625132800187.0,0.0,0.0,0.0,636920368821.0
2,2020-03-28,524616257062.0,3203855971772.0,11951952715397.0,11799042441.0,512817214621.0,0.0,0.0,0.0,524616257062.0
3,2020-03-29,708772712549.0,2878849352946.0,12602080933658.0,8829985952.0,699942726597.0,0.0,0.0,0.0,708772712549.0
4,2020-03-30,496339666827.0,1942299217259.0,11936772157908.0,8033257498.0,488306409329.0,0.0,0.0,0.0,496339666827.0
5,2020-04-04,435669094211.0,3693288440158.0,14305995495584.0,9061913247.0,426607180964.0,0.0,0.0,155316.66666666666,435669094211.0
6,2020-04-05,810110580537.0,2998820640050.0,15059608809896.0,16022454324.0,794088126213.0,0.0,0.0,155343.33333333334,810110580537.0
7,2020-04-06,740637119390.0,4461748626034.0,16079184656257.0,13085250406.0,727551868984.0,0.0,0.0,157360.0,740637119390.0
8,2020-04-07,656385319225.0,4971313625124.0,16983005000184.0,12725575757.0,643659743468.0,0.0,0.0,157360.0,656385319225.0
9,2020-04-08,1456899803165.0,3754630397030.0,20775914350718.0,11603799015.0,1445296004150.0,0.0,0.0,156393.33333333334,1456899803165.0
10,2020-04-11,890596470867.0,3606634249780.0,22481256090374.0,7024747565.0,883571723302.0,0.0,0.0,156043.33333333334,890596470867.0
11,2020-04-12,1266707837486.0,3887397725798.0,17634340948199.0,19157785731.0,1247550051755.0,0.0,0.0,156026.66666666666,1266707837486.0
12,2020-04-13,1080551273910.0,4119528555185.0,16218398043039.0,21405818545.0,1059145455365.0,0.0,0.0,156033.33333333334,1080551273910.0
13,2020-04-14,1351742517802.0,16736713503561.0,29372973699472.0,21065421626.0,1330677096176.0,0.0,0.0,156033.33333333334,1351742517802.0
14,2020-04-15,1571882166957.0,9377886660746.0,36883926942957.0,32706718497.0,1539175448460.0,0.0,0.0,156063.33333333334,1571882166957.0
15,2020-04-18,906202185397.0,3981296340379.0,43613971317300.0,20906947128.0,885295238269.0,0.0,0.0,154036.66666666666,906202185397.0
16,2020-04-19,3954772882577.0,4682942070539.0,24897925277956.0,110000059004.0,3844772823573.0,0.0,0.0,153400.0,3954772882577.0
17,2020-04-20,1581008215032.0,5598417616226.0,22226766156672.0,34640164587.0,1546368050445.0,0.0,0.0,152890.0,1581008215032.0
18,2020-04-21,1824837359793.0,6050230786586.0,22861540286671.0,31673805394.0,1793163554399.0,0.0,0.0,153203.33333333334,1824837359793.0
19,2020-04-22,1689880915048.0,6235697189372.0,23512099752151.0,38433896445.0,1651447018603.0,0.0,0.0,154203.33333333334,1689880915048.0
20,2020-04-25,2116772521671.0,8690374617086.0,30141119615993.0,19288264255.0,2097484257416.0,0.0,0.0,155036.66666666666,2116772521671.0
21,2020-04-26,2162556909530.0,7594357275442.0,33410319408990.0,38968500943.0,2123588408587.0,0.0,0.0,155736.66666666666,2162556909530.0
23,2020-04-28,2431402062757.0,8597522544473.0,34844316627200.0,33820181533.0,2397581881224.0,0.0,0.0,155703.33333333334,2431402062757.0
24,2020-04-29,2285162891481.0,6722224833449.0,36741431095886.0,28531218353.0,2256631673128.0,0.0,0.0,155703.33333333334,2285162891481.0
26,2020-05-02,1771874735979.0,11139538234167.0,45146400241061.0,35858227291.0,1736016508688.0,0.0,0.0,156053.33333333334,1771874735979.0
27,2020-05-03,2569483007879.0,11459084126656.0,49210069675960.0,46582328935.0,2522900678944.0,0.0,0.0,156036.66666666666,2569483007879.0
28,2020-05-04,4293577674552.0,10004167846827.0,46314003719728.0,26282402014.0,4267295272538.0,0.0,0.0,156060.0,4293577674552.0
29,2020-05-05,2823124330402.0,8033180717408.0,40986579242315.0,36482185802.0,2786642144600.0,0.0,0.0,156036.66666666666,2823124330402.0
30,2020-05-06,2239695673383.0,6521026856970.0,36440645042502.0,45043927904.0,2194651745479.0,0.0,0.0,156740.0,2239695673383.0
31,2020-05-09,2874538023508.0,9801873561371.0,38304038936053.0,38816304364.0,2835721719144.0,0.0,0.0,157716.66666666666,2874538023508.0
32,2020-05-10,2936733752518.0,7387313147082.0,37718776781742.0,47129034138.0,2889604718380.0,0.0,0.0,160403.33333333334,2936733752518.0
33,2020-05-11,3349380045096.0,6560649909377.0,34621369189645.0,48858810772.0,3300521234324.0,0.0,0.0,162703.33333333334,3349380045096.0
34,2020-05-12,2594957856787.0,6473226425641.0,33197123626310.0,54365787954.0,2540592068833.0,0.0,0.0,164703.33333333334,2594957856787.0
35,2020-05-13,2236820725931.0,5822528709099.0,32373655641136.0,41244064486.0,2195576661445.0,0.0,0.0,167406.66666666666,2236820725931.0
36,2020-05-16,3064170533224.0,4558659595132.0,32563647914111.0,63310512039.0,3000860021185.0,0.0,0.0,168203.33333333334,3064170533224.0
38,2020-05-18,2478454038566.0,5824013803181.0,28323695574803.0,59934235265.0,2418519803301.0,0.0,0.0,171436.66666666666,2478454038566.0
39,2020-05-19,3170214791812.0,6308949359807.0,31663544434491.0,68366788833.0,3101848002979.0,0.0,0.0,171703.33333333334,3170214791812.0
40,2020-05-20,3374978179176.0,5242357715397.0,33334388547269.0,64292685413.0,3310685493763.0,0.0,0.0,172570.0,3374978179176.0
41,2020-05-23,2660145721422.0,3679215571060.0,34121975898874.0,59789309648.0,2600356411774.0,0.0,0.0,173036.66666666666,2660145721422.0
45,2020-05-30,3455904424416.0,4266402241914.0,40297303705233.0,57952340544.0,3397952083872.0,0.0,0.0,170883.33333333334,3455904424416.0
47,2020-06-01,2849783206771.0,2535251644011.0,23120683648877.0,59454666660.0,2790328540111.0,0.0,0.0,170860.0,2849783206771.0
49,2020-06-06,2501949595616.0,5116915139030.0,24687159849744.0,63328940534.0,2438620655082.0,0.0,0.0,170146.66666666666,2501949595616.0
51,2020-06-08,2797251054523.0,5406462446509.0,28237758014131.0,60465718480.0,2736785336043.0,0.0,0.0,169366.66666666666,2797251054523.0
52,2020-06-09,2435322797286.0,4558561100585.0,26453700828582.0,50501996265.0,2384820801021.0,0.0,0.0,169336.66666666666,2435322797286.0
53,2020-06-10,3583932299912.0,4078369929699.0,25022272205055.0,63465765965.0,3520466533947.0,0.0,0.0,171470.0,3583932299912.0
54,2020-06-13,2530107533222.0,6288629022801.0,28585544869791.0,51997003369.0,2478110529853.0,0.0,0.0,177556.66666666666,2530107533222.0
55,2020-06-14,3700074771852.0,5946052473321.0,31132955384435.0,85168196200.0,3614906575652.0,0.0,0.0,177570.0,3700074771852.0
56,2020-06-15,3546500271281.0,5637827903140.0,31174133286747.0,78014707079.0,3468485564202.0,0.0,0.0,178403.33333333334,3546500271281.0
57,2020-06-16,3845423397034.0,5121073339016.0,29741359503023.0,91059101673.0,3754364295361.0,0.0,0.0,181003.33333333334,3845423397034.0
58,2020-06-20,3005455362508.0,7612095406823.0,34588817691103.0,72183805946.0,2933271556562.0,0.0,0.0,185150.0,3005455362508.0
59,2020-06-21,4090237282923.0,8953948065920.0,38104879261094.0,58450222099.0,4031787060824.0,0.0,0.0,187316.66666666666,4090237282923.0
60,2020-06-22,4408218154197.0,8681013708390.0,39165294204187.0,100978861046.0,4307239293151.0,0.0,0.0,187983.33333333334,4408218154197.0
61,2020-06-23,4087680647024.0,9448513403949.0,40994465924392.0,19622960960.0,4068057686064.0,0.0,0.0,193283.33333333334,4087680647024.0
94,2020-08-04,4991865930629.0,7710339301618.0,36198882886311.0,157531415337.0,4834334515292.0,0.0,0.0,221630.0,4991865930629.0
95,2020-08-05,3918950483712.0,6609738218203.0,40299599047247.0,142897334060.0,3776053149652.0,0.0,0.0,225650.0,3918950483712.0
97,2020-08-09,3754476125450.0,8147927337282.0,44595882260781.0,115104365710.0,3639371759740.0,0.0,0.0,221983.33333333334,3754476125450.0
99,2020-08-11,4671769547513.0,5342621178068.0,29816192466491.0,144995938977.0,4526773608536.0,0.0,0.0,214516.66666666666,4671769547513.0
100,2020-08-12,4398393116892.0,5682796908033.0,28090194347534.0,126104253577.0,4272288863315.0,0.0,0.0,217583.33333333334,4398393116892.0
102,2020-08-15,3236661749922.0,7001432316211.0,33850621401148.0,105086223386.0,3131575526536.0,0.0,0.0,220483.33333333334,3236661749922.0
137,2020-10-05,3312690031232.0,1623242024085.0,23249550835215.0,112738512578.0,3199951518654.0,0.0,0.0,277833.3333333333,3312690031232.0
138,2020-10-06,2932185880722.0,1791424925430.0,22275118891716.0,81662474499.0,2850523406223.0,0.0,0.0,288670.0,2932185880722.0
139,2020-10-07,2952339540540.0,2594454949850.0,23532882207939.0,84301641074.0,2868037899466.0,0.0,0.0,292010.0,2952339540540.0
140,2020-10-10,2067578136951.0,2083442108430.0,24185781860370.0,73223139298.0,1994354997653.0,0.0,0.0,297023.3333333333,2067578136951.0
141,2020-10-11,2944139236799.0,2829418416946.0,28268198368011.0,10825329634.0,2933313907165.0,0.0,0.0,307486.6666666667,2944139236799.0
201,2021-01-04,3419934826062.0,1657497074410.0,21464275060586.0,93204914244.0,3326729911818.0,0.0,0.0,257010.0,3419934826062.0
202,2021-01-05,2775143195016.0,1566927178821.0,20377186771837.0,127818349745.0,2647324845271.0,0.0,0.0,258570.0,2775143195016.0
206,2021-01-11,3378648414412.0,1863733703760.0,20927117392967.0,9485120778.0,3369163293634.0,0.0,0.0,248826.66666666666,3378648414412.0
207,2021-01-12,2430628163144.0,1220528674295.0,18585552669467.0,88646861218.0,2341981301926.0,0.0,0.0,248476.66666666666,2430628163144.0
208,2021-01-13,3006777256559.0,953704646581.0,17082222630144.0,7767911900.0,2999009344659.0,0.0,0.0,246156.66666666666,3006777256559.0
386,2021-10-10,2427683670191.0,815576212257.0,9852947110526.0,183083347.0,2427500586844.0,0.0,1455612.0,276630.0,2427683670191.0
387,2021-10-11,2302097717482.0,867094529936.0,10033582349490.0,97736628604.0,2204361088878.0,0.0,1457493.6,274006.6666666667,2302097717482.0
388,2021-10-12,1892236773976.0,770669205066.0,9590166452538.0,77421328619.0,1814815445357.0,0.0,1418683.0,271436.6666666667,1892236773976.0
389,2021-10-13,2055066048968.0,2661839541667.0,7903033132191.0,104070012626.0,1950996036342.0,0.0,1397386.1,271480.0,2055066048968.0
390,2021-10-16,1858774625010.0,922992704920.0,9193232693597.0,79140912432.0,1779633712578.0,0.0,1437465.5,272676.6666666667,1858774625010.0
391,2021-10-17,2100677028028.0,860992043407.0,9948186820789.0,70940163824.0,2029736864204.0,0.0,1436109.9,271973.3333333333,2100677028028.0
392,2021-10-18,1943722472751.0,899183334005.0,8794628369399.0,100284552947.0,1843437919804.0,0.0,1436916.8,272306.6666666667,1943722472751.0
393,2021-10-19,1809987604729.0,993055530558.0,8505488964054.0,59477908368.0,1750509696361.0,0.0,1449496.9,274536.6666666667,1809987604729.0
394,2021-10-20,2491477911613.0,668383691167.0,8343482493083.0,64874471613.0,2426603440000.0,0.0,1436357.1,273290.0,2491477911613.0
395,2021-10-23,1716751768509.0,931492338170.0,8156789552905.0,58194118178.0,1658557650331.0,0.0,1407758.0,275403.3333333333,1716751768509.0
396,2021-10-25,2195895181618.0,1159141867369.0,8309599758033.0,100821630400.0,2095073551218.0,0.0,1384133.5,275933.3333333333,2195895181618.0
397,2021-10-26,2065549251416.0,989131231586.0,7846263647360.0,75551419674.0,1989997831742.0,0.0,1384452.2,275150.0,2065549251416.0
398,2021-10-27,2212952092260.0,935847624579.0,7471559260750.0,79275456019.0,2133676636241.0,0.0,1393960.8,276753.3333333333,2212952092260.0
399,2021-10-30,1799605568884.0,1093087506397.0,8532050624452.0,60326455763.0,1739279113121.0,0.0,1375669.2,275640.0,1799605568884.0
400,2021-10-31,2644236108644.0,867106396440.0,7684298086054.0,69259020512.0,2574977088132.0,0.0,1340290.8,275376.6666666667,2644236108644.0
401,2021-11-01,2498631456863.0,976242448036.0,7826867839591.0,72375644351.0,2426255812512.0,0.0,1361414.8,275383.3333333333,2498631456863.0
402,2021-11-02,1483840473405.0,1441344086895.0,8789950085270.0,54728303493.0,1429112169912.0,0.0,1376091.9,275730.0,1483840473405.0
403,2021-11-03,2258829348270.0,837453610627.0,7333228750195.0,51626111101.0,2207203237169.0,0.0,1398416.5,278016.6666666667,2258829348270.0
404,2021-11-06,1265955057619.0,1288945572290.0,7555080246761.0,33010412108.0,1232944645511.0,0.0,1440651.5,278373.3333333333,1265955057619.0
405,2021-11-07,2034498175795.0,1170303455970.0,9031011314368.0,59102405409.0,1975395770386.0,0.0,1430892.2,279063.3333333333,2034498175795.0
406,2021-11-08,2201634762718.0,1367165240082.0,8902036981195.0,47138728314.0,2154496034404.0,0.0,1434378.9,280440.0,2201634762718.0
407,2021-11-09,1838989425912.0,1083036413114.0,9069976761994.0,73186402610.0,1765803023302.0,0.0,1447674.8,281013.3333333333,1838989425912.0
408,2021-11-10,2037239630190.0,1008988075008.0,7968019648544.0,58663072797.0,1978576557393.0,0.0,1456479.9,282980.0,2037239630190.0
410,2021-11-13,1580727392770.0,835394631600.0,8394062121662.0,56053143502.0,1524674249268.0,0.0,1439244.4,285993.3333333333,1580727392770.0
411,2021-11-14,2336449972588.0,1042482542121.0,7957015919057.0,63830777719.0,2272619194869.0,0.0,1442515.7,285870.0,2336449972588.0
412,2021-11-15,2120921405425.0,1766580672129.0,8930831653166.0,139477793530.0,1981443611895.0,0.0,1416298.7,277843.3333333333,2120921405425.0
413,2021-11-16,1792897097006.0,902938418820.0,8127344087852.0,120483956585.0,1672413140421.0,0.0,1408595.7,279743.3333333333,1792897097006.0
414,2021-11-17,1858161518844.0,1863415471398.0,7172462875726.0,54775452656.0,1803386066188.0,0.0,1410778.6,279443.3333333333,1858161518844.0
415,2021-11-20,2453717732234.0,1586281496530.0,6940869542800.0,103325995404.0,2350391736830.0,0.0,1383491.9,280226.6666666667,2453717732234.0
416,2021-11-21,2224966767340.0,1775248309411.0,6764025395188.0,78063428648.0,2146903338692.0,0.0,1386935.3,282163.3333333333,2224966767340.0
417,2021-11-22,1702325698007.0,1019535332741.0,7029477937200.0,44008469066.0,1658317228941.0,0.0,1407132.9,283273.3333333333,1702325698007.0
418,2021-11-23,2426948991074.0,1998375000956.0,7112537157368.0,61044334533.0,2365904656541.0,0.0,1404551.7,285320.0,2426948991074.0
419,2021-11-24,2230528953879.0,847170647612.0,6297578379086.0,44148280632.0,2186380673247.0,0.0,1394105.7,290073.3333333333,2230528953879.0
420,2021-11-27,1440123082200.0,908726521718.0,6543736386656.0,36051963056.0,1404071119144.0,0.0,1366713.9,282920.0,1440123082200.0
421,2021-11-28,1671033502137.0,856341306362.0,5498811473217.0,93116368456.0,1577917133681.0,0.0,1368005.2,276290.0,1671033502137.0
422,2021-11-29,1676622302512.0,811696134497.0,5122620656108.0,56345023660.0,1620277278852.0,0.0,1363939.0,275270.0,1676622302512.0
423,2021-11-30,1772070191423.0,1081663045561.0,5121130740959.0,60114601436.0,1711955589987.0,0.0,1357128.9,289506.6666666667,1772070191423.0
424,2021-12-01,1588186177414.0,999505100664.0,4973290626348.0,42969769438.0,1545216407976.0,0.0,1340071.9,264223.3333333333,1588186177414.0
425,2021-12-04,1634056474600.0,1017788133302.0,5196306144264.0,64449680515.0,1569606794085.0,0.0,1334765.9,277703.3333333333,1634056474600.0
426,2021-12-05,1859904034829.0,804814885039.0,5260840998665.0,76341226842.0,1783562807987.0,0.0,1343202.7,278976.6666666667,1859904034829.0
427,2021-12-06,1680379955841.0,768691892792.0,4952743105198.0,40410579209.0,1639969376632.0,0.0,1342353.6,278346.6666666667,1680379955841.0
428,2021-12-07,1501212792493.0,944277646660.0,4661572698498.0,47812826645.0,1453399965848.0,0.0,1338016.0,278150.0,1501212792493.0
429,2021-12-08,1761677812904.0,813551148078.0,4257635101453.0,44535602961.0,1717142209943.0,0.0,1349389.3,277873.3333333333,1761677812904.0
430,2021-12-11,1302569589584.0,922295053355.0,4841080159134.0,39884618447.0,1262684971137.0,0.0,1344441.6,276976.6666666667,1302569589584.0
431,2021-12-12,1847859146532.0,920788161023.0,4747231224262.0,47605392253.0,1800253754279.0,0.0,1320776.7,276893.3333333333,1847859146532.0
432,2021-12-13,1529397582111.0,928229314343.0,4337027736914.0,58738077225.0,1470659504886.0,0.0,1295550.1,275450.0,1529397582111.0
433,2021-12-14,1374548219563.0,1284436412642.0,4789721966223.0,72475899436.0,1302072320127.0,0.0,1291839.4,274263.3333333333,1374548219563.0
434,2021-12-15,1748975370238.0,1662806044825.0,4129425650671.0,82937957341.0,1666037412897.0,0.0,1293237.9,274123.3333333333,1748975370238.0
435,2021-12-18,1458346641400.0,1015438065362.0,4529984788565.0,61004057525.0,1397342583875.0,0.0,1305535.5,274300.0,1458346641400.0
436,2021-12-19,2108831099080.0,920438114529.0,4464578822119.0,108657824927.0,2000173274153.0,0.0,1291675.8,274100.0,2108831099080.0
437,2021-12-20,1977902641214.0,1003436158696.0,4025368656540.0,87806607272.0,1890096033942.0,0.0,1301542.3,273913.3333333333,1977902641214.0
438,2021-12-21,1435665732285.0,763327353937.0,3807656954991.0,161445710403.0,1274220021882.0,0.0,1318359.7,273293.3333333333,1435665732285.0
439,2021-12-22,1471515272112.0,1257233530826.0,4305494934607.0,89727034742.0,1381788237370.0,0.0,1359024.5,273630.0,1471515272112.0
440,2021-12-25,1218518732431.0,1406033061342.0,5796429247718.0,36831892506.0,1181686839925.0,0.0,1385504.6,273966.6666666667,1218518732431.0
441,2021-12-26,2126851797013.0,1179701445937.0,6088848227823.0,96087811677.0,2030763985336.0,0.0,1383987.9,273956.6666666667,2126851797013.0
442,2021-12-27,1653990901538.0,1074815791267.0,6022121824002.0,103761556202.0,1550229345336.0,0.0,1400314.6,273966.6666666667,1653990901538.0
443,2021-12-28,1197485917650.0,905412010515.0,5356871595962.0,70268027410.0,1127217890240.0,0.0,1399910.9,273920.0,1197485917650.0
444,2021-12-29,1319715852860.0,730404351002.0,5149825455300.0,114120794852.0,1205595058008.0,0.0,1397311.4,274336.6666666667,1319715852860.0
445,2022-01-01,1118941090749.0,833549635770.0,5012619709967.0,75394754117.0,1043546336632.0,0.0,1378777.4,273896.6666666667,1118941090749.0
446,2022-01-02,1591421741270.0,1148249428544.0,5072698018121.0,125470511887.0,1465951229383.0,0.0,1379041.1,273910.0,1591421741270.0
447,2022-01-03,1495486327090.0,868908755352.0,4774214961673.0,98269263631.0,1397217063459.0,0.0,1376049.3,273896.6666666667,1495486327090.0
448,2022-01-04,2000730027710.0,1394631557262.0,4537958073855.0,96154184985.0,1904575842725.0,0.0,1362828.6,271196.6666666667,2000730027710.0
449,2022-01-05,1258729915532.0,746416749168.0,4053555414890.0,120749962413.0,1137979953119.0,0.0,1363095.8,269846.6666666667,1258729915532.0
450,2022-01-08,1016846454280.0,785791256269.0,4520732387794.0,58343823669.0,958502630611.0,0.0,1362458.0,269173.3333333333,1016846454280.0
451,2022-01-09,1837897709775.0,725430744791.0,4417771228784.0,192728761257.0,1645168948518.0,0.0,1336820.7,268476.6666666667,1837897709775.0
452,2022-01-10,1465043861171.0,949919999418.0,4607927699766.0,120853361191.0,1344190499980.0,0.0,1332755.6,267663.3333333333,1465043861171.0
453,2022-01-11,1185366594847.0,726801468049.0,4718395164554.0,108319678921.0,1077046915926.0,0.0,1334703.5,267146.6666666667,1185366594847.0
454,2022-01-12,1392642916684.0,546270007120.0,4381085868853.0,115718907876.0,1276924008808.0,0.0,1334265.0,266783.3333333333,1392642916684.0
456,2022-01-15,1189896904045.0,644291223479.0,4003198916291.0,145642970572.0,1044253933473.0,0.0,1322569.8,271940.0,1189896904045.0
457,2022-01-16,1783410492737.0,915368454258.0,4216301239482.0,147328651758.0,1636081840979.0,0.0,1310804.5,275003.3333333333,1783410492737.0
458,2022-01-17,2245190633243.0,875704033994.0,3665974831611.0,107881649268.0,2137308983975.0,0.0,1306472.1,272570.0,2245190633243.0
459,2022-01-18,1363794335757.0,948498711661.0,3928008001137.0,161956532480.0,1201837803277.0,0.0,1275966.4,273113.3333333333,1363794335757.0
460,2022-01-19,1479429256576.0,706627934921.0,3638490485230.0,131041747058.0,1348387509518.0,0.0,1279393.9,274970.0,1479429256576.0
461,2022-01-22,1237650208558.0,1061019363050.0,4516345838779.0,97610174905.0,1140040033653.0,0.0,1281801.0,275393.3333333333,1237650208558.0
462,2022-01-23,1783670834477.0,955678146568.0,4228409348645.0,99660809948.0,1684010024529.0,0.0,1256512.8,276596.6666666667,1783670834477.0
463,2022-01-24,1536514886876.0,984513137053.0,4126062483147.0,216193458274.0,1320321428602.0,0.0,1234707.7,280013.3333333333,1536514886876.0
464,2022-01-25,1935287803495.0,986803415883.0,4066769835027.0,88576693170.0,1846711110325.0,0.0,1207926.7,277970.0,1935287803495.0
465,2022-01-26,1783215013972.0,1148696148710.0,4135756166868.0,104107082263.0,1679107931709.0,0.0,1229368.4,279423.3333333333,1783215013972.0
466,2022-01-29,1555263984549.0,1004821895169.0,4939361541935.0,59847306234.0,1495416678315.0,0.0,1258995.1,280373.3333333333,1555263984549.0
467,2022-01-30,1816511935698.0,881043478125.0,5136752179533.0,183793829528.0,1632718106170.0,0.0,1284647.4,278676.6666666667,1816511935698.0
468,2022-01-31,1935620524610.0,870532198666.0,5489525474820.0,162224071002.0,1773396453608.0,0.0,1294619.1,277396.6666666667,1935620524610.0
469,2022-02-01,1381290854352.0,931168188163.0,5527836663543.0,146450355911.0,1234840498441.0,0.0,1301234.0,275310.0,1381290854352.0
470,2022-02-02,2290305772677.0,1392798220371.0,4967828803760.0,120177101897.0,2170128670780.0,0.0,1301161.5,272973.3333333333,2290305772677.0
471,2022-02-05,2327268984269.0,1170243828934.0,4518758560506.0,100858730377.0,2226410253892.0,0.0,1304411.1,265203.3333333333,2327268984269.0
472,2022-02-06,1569961197019.0,1514190584348.0,5088297656001.0,148460565709.0,1421500631310.0,0.0,1282050.0,265486.6666666667,1569961197019.0
473,2022-02-07,1378348578172.0,687387844006.0,4906062830691.0,166322611405.0,1212025966767.0,0.0,1274467.5,265043.3333333333,1378348578172.0
474,2022-02-08,1325390881678.0,967198805420.0,5457512262360.0,96643114488.0,1228747767190.0,0.0,1281075.4,260743.33333333334,1325390881678.0
475,2022-02-09,1289095014764.0,862430130612.0,8347213054854.0,137347936577.0,1151747078187.0,0.0,1284160.1,262230.0,1289095014764.0
476,2022-02-12,1173207917288.0,903572913800.0,8214918292363.0,123815673592.0,1049392243696.0,0.0,1284061.7,264380.0,1173207917288.0
477,2022-02-13,2051000642852.0,1297867353440.0,7139216670528.0,460055209479.0,1590945433373.0,0.0,1275996.2,267240.0,2051000642852.0
478,2022-02-14,1474943234760.0,962456515415.0,4512398764126.0,136273868525.0,1338669366235.0,0.0,1283324.2,269650.0,1474943234760.0
479,2022-02-16,1602576101679.0,804515293922.0,5117427335859.0,427387590623.0,1175188511056.0,0.0,1282411.4,266083.3333333333,1602576101679.0
481,2022-02-19,1537052494230.0,1176610052238.0,5410524300489.0,469993553295.0,1067058940935.0,0.0,1282190.8,261043.33333333334,1537052494230.0
482,2022-02-20,2045292661671.0,934855167090.0,5819610602123.0,527581860184.0,1517710801487.0,0.0,1274304.7,255646.66666666666,2045292661671.0
483,2022-02-21,2291466997667.0,1389699131682.0,4943636399183.0,160488259932.0,2130978737735.0,0.0,1281589.4,257096.66666666666,2291466997667.0
484,2022-02-22,1598717910971.0,1144019508759.0,4999297268256.0,377587342457.0,1221130568514.0,0.0,1284876.1,260206.66666666666,1598717910971.0
485,2022-02-23,2183269428175.0,1234853991562.0,4430332703797.0,296746174184.0,1886523253991.0,0.0,1288310.3,260440.0,2183269428175.0
486,2022-02-26,1028496456518.0,731305899923.0,4614615753868.0,268700833602.0,759795622916.0,0.0,1282870.8,260136.66666666666,1028496456518.0
487,2022-02-27,1310920878637.0,848434320289.0,4445601669761.0,495415481467.0,815505397170.0,0.0,1279292.7,259900.0,1310920878637.0
488,2022-02-28,1887948068627.0,986182445175.0,3988903316955.0,530796273522.0,1357151795105.0,0.0,1281934.2,259833.33333333334,1887948068627.0
489,2022-03-02,1334116766460.0,812945863370.0,3526879491789.0,429906297111.0,904210469349.0,0.0,1281190.8,256756.66666666666,1334116766460.0
490,2022-03-05,1387440783244.0,1577176031590.0,4421978739121.0,389709163904.0,997731619340.0,0.0,1298782.7,254920.0,1387440783244.0
491,2022-03-06,1737743977408.0,1346163702356.0,5066152858343.0,519749013704.0,1217994963704.0,0.0,1322598.5,253126.66666666666,1737743977408.0
492,2022-03-07,1425646535815.0,1308902478048.0,5692863362565.0,500865468034.0,924781067781.0,0.0,1342906.7,257113.33333333334,1425646535815.0
493,2022-03-08,1184064366850.0,1386562078703.0,5701841035633.0,433327192582.0,750737174268.0,0.0,1336569.2,260553.33333333334,1184064366850.0
494,2022-03-09,1974610252878.0,1257188803785.0,5160136189940.0,495182541195.0,1479427711683.0,0.0,1348303.3,257096.66666666666,1974610252878.0
495,2022-03-12,2134473703148.0,1321635914723.0,5890365519676.0,549521545119.0,1584952158029.0,0.0,1332933.3,260073.33333333334,2134473703148.0
496,2022-03-13,2027122251212.0,1092908933106.0,5191292273080.0,688222045524.0,1338900205688.0,0.0,1335376.4,263573.3333333333,2027122251212.0
497,2022-03-14,1756914832684.0,1474635560948.0,4930283395405.0,577231340603.0,1179683492081.0,0.0,1334776.9,262433.3333333333,1756914832684.0
498,2022-03-15,1818146016501.0,1042281696437.0,4248320362295.0,593007630646.0,1225138385855.0,0.0,1337223.2,264223.3333333333,1818146016501.0
499,2022-03-16,4116402172557.0,1326200387513.0,3970036480380.0,756335551211.0,3360066621346.0,0.0,1345018.2,263513.3333333333,4116402172557.0
500,2022-03-19,1791349688745.0,1155794116971.0,4733294211811.0,640483830019.0,1150865858726.0,0.0,1367250.3,0.0,1791349688745.0
501,2022-03-26,1244245344002.0,1066852861605.0,5497278840806.0,258168082619.0,986077261383.0,0.0,1390859.7,263363.3333333333,1244245344002.0
502,2022-03-27,1047461693630.0,1874054529142.0,6814850270112.0,328579850663.0,718881842967.0,0.0,1403617.9,262480.0,1047461693630.0
503,2022-03-28,742493084476.0,1130717161593.0,6466362794245.0,285172043299.0,457321041177.0,0.0,1418651.9,265536.6666666667,742493084476.0
504,2022-03-29,692600136680.0,852780470483.0,6992693185239.0,224677065178.0,467923071502.0,0.0,1414249.5,269333.3333333333,692600136680.0
505,2022-03-30,722118036485.0,596809352420.0,8055536788001.0,237447348011.0,484670688474.0,0.0,1432106.5,270706.6666666667,722118036485.0
506,2022-04-03,642436479116.0,1034512172988.0,8933419631243.0,239511564267.0,402924914849.0,0.0,1462003.0,267253.3333333333,642436479116.0
507,2022-04-04,946274020126.0,1112975897129.0,8789614227382.0,377124688481.0,569149331645.0,0.0,1468820.1,270293.3333333333,946274020126.0
508,2022-04-05,954655994479.0,990193850045.0,8452343462774.0,371094762096.0,583561232383.0,0.0,1471438.4,273290.0,954655994479.0
509,2022-04-06,1555320665626.0,1009636519743.0,9023561729138.0,493098779124.0,1062221886502.0,0.0,1463779.7,273216.6666666667,1555320665626.0
510,2022-04-09,937193578437.0,997145833541.0,8140871955876.0,394599602866.0,542593975571.0,0.0,1458772.7,276360.0,937193578437.0
511,2022-04-10,1286030489382.0,1024992897218.0,8791729299337.0,495339176177.0,790691313205.0,0.0,1474113.0,278030.0,1286030489382.0
512,2022-04-11,1563848960934.0,1210964094214.0,8619570105583.0,495985852939.0,1067863107995.0,0.0,1479493.0,279850.0,1563848960934.0
513,2022-04-12,2221516667593.0,1286067059301.0,8176927628645.0,529481854308.0,1692034813285.0,0.0,1446026.9,280580.0,2221516667593.0
514,2022-04-13,1697312931275.0,686868833363.0,7743827242513.0,563372958736.0,1133939972539.0,0.0,1454129.3,277243.3333333333,1697312931275.0
516,2022-04-16,3561179787105.0,3505325657669.0,8570954086787.0,382431314665.0,3178748472440.0,0.0,1467644.8,277903.3333333333,3561179787105.0
517,2022-04-17,1718355745180.0,1136637849822.0,7775828214962.0,582713127951.0,1135642617229.0,0.0,1475058.6,279446.6666666667,1718355745180.0
518,2022-04-18,1978311635608.0,2216239875422.0,8325725540190.0,558903702569.0,1419407933039.0,0.0,1501842.6,277513.3333333333,1978311635608.0
519,2022-04-19,1668062988776.0,1522081464640.0,8775094028456.0,574752822550.0,1093310166226.0,0.0,1513105.7,276440.0,1668062988776.0
520,2022-04-20,4671287869104.0,1559643774835.0,8818432076881.0,679151286994.0,3992136582110.0,0.0,1512219.1,277016.6666666667,4671287869104.0
521,2022-04-24,955834562944.0,1268459370229.0,9009609345671.0,384705236718.0,571129326226.0,0.0,1504715.6,278420.0,955834562944.0
522,2022-04-25,2635771555946.0,1699992960118.0,9053179470676.0,827880395372.0,1807891160574.0,0.0,1507249.3,278070.0,2635771555946.0
523,2022-04-26,1638934823249.0,2149563513387.0,9694785779087.0,515737128537.0,1123197694712.0,0.0,1522868.2,279416.6666666667,1638934823249.0
524,2022-04-27,3100751963333.0,2393242724884.0,12513374401236.0,872342407937.0,2228409555396.0,0.0,1521423.3,280226.6666666667,3100751963333.0
526,2022-04-30,1416284978772.0,1205876419214.0,12254176592879.0,511628047470.0,904656931302.0,0.0,1522439.4,279603.3333333333,1416284978772.0
527,2022-05-01,2117601752522.0,2025494118957.0,11518604927984.0,761969917487.0,1355631835035.0,0.0,1523471.2,279876.6666666667,2117601752522.0
528,2022-05-02,2180713813861.0,1814554145339.0,7519761889756.0,727667181402.0,1453046632459.0,0.0,1529717.5,279853.3333333333,2180713813861.0
529,2022-05-07,1328977730268.0,1478710272412.0,8454243396470.0,496269007201.0,832708723067.0,0.0,1543847.5,281456.6666666667,1328977730268.0
530,2022-05-08,1915131562748.0,1615811720522.0,9069960762245.0,767643425529.0,1147488137219.0,0.0,1553041.8,281276.6666666667,1915131562748.0
531,2022-05-09,2640592513531.0,2187639872772.0,9103585687673.0,830635472464.0,1809957041067.0,0.0,1540099.2,282360.0,2640592513531.0
532,2022-05-10,1858168586833.0,1590320624741.0,8848886005556.0,634265732541.0,1223902854292.0,0.0,1539530.7,289403.3333333333,1858168586833.0
533,2022-05-11,1762521373464.0,1403568080517.0,9486656617356.0,643009430165.0,1119511943299.0,0.0,1564449.1,292990.0,1762521373464.0
534,2022-05-14,2009363471677.0,2182632157903.0,10072033279698.0,616141119408.0,1393222352269.0,0.0,1578410.9,302600.0,2009363471677.0
535,2022-05-15,2190241018501.0,1711647287878.0,10203974925754.0,898248359563.0,1291992658938.0,0.0,1572979.8,304333.3333333333,2190241018501.0
536,2022-05-16,2218138287371.0,2934203725164.0,13473769114783.0,840027844199.0,1378110443172.0,0.0,1583800.5,305266.6666666667,2218138287371.0
537,2022-05-17,3017182450244.0,2559852290814.0,14157087745830.0,752303989076.0,2264878461168.0,0.0,1606024.3,304066.6666666667,3017182450244.0
538,2022-05-17,3017182450244.0,2559852290814.0,14157087745830.0,752303989076.0,2264878461168.0,0.0,1606024.3,302833.3333333333,3017182450244.0
539,2022-05-18,2093527615758.0,1313789216679.0,12898274562591.0,671656584075.0,1421871031683.0,0.0,1594977.7,300833.3333333333,2093527615758.0
541,2022-05-21,1508358974903.0,1265007003819.0,13316850743202.0,493014146092.0,1015344828811.0,0.0,1579686.7,304166.6666666667,1508358974903.0
542,2022-05-22,2027438874793.0,1890069957301.0,12015027867662.0,765036033387.0,1262402841406.0,0.0,1582222.7,303900.0,2027438874793.0
543,2022-05-23,2036241525301.0,1538737274959.0,9326611042577.0,721653092391.0,1314588432910.0,0.0,1557210.6,302433.3333333333,2036241525301.0
544,2022-05-24,2062808077851.0,1164223422094.0,8600892909323.0,659356552949.0,1403451524902.0,0.0,1555689.0,302733.3333333333,2062808077851.0
545,2022-05-25,2389722751646.0,1884757897755.0,8815067864236.0,605801982168.0,1783920769478.0,0.0,1564487.5,301933.3333333333,2389722751646.0
547,2022-05-28,1841598569814.0,2204491800628.0,10160376884148.0,477914763540.0,1363683806274.0,0.0,1553401.9,306433.3333333333,1841598569814.0
548,2022-05-29,4141943842494.0,1650362447452.0,8966863665585.0,684555076025.0,3457388766469.0,0.0,1534057.1,306900.0,4141943842494.0
549,2022-05-30,2241062647583.0,1165925133997.0,9761689924527.0,621015582692.0,1620047064891.0,0.0,1537380.3,310066.6666666667,2241062647583.0
550,2022-05-31,2254668546705.0,1541528618221.0,9305412199925.0,615720072079.0,1638948474626.0,0.0,1542711.1,311766.6666666667,2254668546705.0
551,2022-06-01,2687233040185.0,1678385916477.0,7996024182454.0,705542004004.0,1981691036181.0,0.0,1541980.0,315833.3333333333,2687233040185.0
552,2022-06-06,2565323407323.0,2663873068511.0,9172232824695.0,443574059332.0,2121749347991.0,0.0,1514310.0,315666.6666666667,2565323407323.0
553,2022-06-07,4159203404973.0,2058511215166.0,8217755322548.0,1016093046905.0,3143110358068.0,0.0,1515387.7,318233.3333333333,4159203404973.0
554,2022-06-08,2975545028083.0,1795352612097.0,6619180556582.0,1057015847468.0,1918529180615.0,0.0,1520298.7,319333.3333333333,2975545028083.0
555,2022-06-11,2131724801281.0,1722307720790.0,6285206397433.0,709978555821.0,1421746245460.0,0.0,1518289.8,326566.6666666667,2131724801281.0
556,2022-06-12,2485316724477.0,2216653563231.0,6496400464994.0,876967850469.0,1608348874008.0,0.0,1532387.2,331000.0,2485316724477.0
557,2022-06-13,2302490972714.0,2030378042377.0,8176918287934.0,800214443863.0,1502276528851.0,0.0,1571445.2,330333.3333333333,2302490972714.0
558,2022-06-14,2037423997589.0,1856577831782.0,8587257976481.0,651998814050.0,1385425183539.0,0.0,1574065.3,326266.6666666667,2037423997589.0
559,2022-06-15,2965357896457.0,1311448169551.0,7450681811924.0,686023587853.0,2279334308604.0,0.0,1564334.0,319833.3333333333,2965357896457.0
560,2022-06-18,2458070037113.0,1373485450483.0,6684801608978.0,590624904544.0,1867445132569.0,0.0,1547738.5,321600.0,2458070037113.0
561,2022-06-19,3655159200767.0,2157172371666.0,6548637594154.0,896883447270.0,2758275753497.0,0.0,1545962.9,319166.6666666667,3655159200767.0
562,2022-06-20,3390158543614.0,1654548806863.0,5885945038772.0,674848874452.0,2715309669162.0,0.0,1547247.2,318400.0,3390158543614.0
563,2022-06-21,2782428559254.0,1934653558475.0,6591249656699.0,706362195302.0,2076066363952.0,0.0,1539632.2,318333.3333333333,2782428559254.0
564,2022-06-22,2857520497399.0,1804618353131.0,5907279319125.0,864910993745.0,1992609503654.0,0.0,1533393.9,321166.6666666667,2857520497399.0
565,2022-06-25,3070302729896.0,2027449779404.0,6414205025120.0,569531492641.0,2500771237255.0,0.0,1520334.9,318666.6666666667,3070302729896.0
566,2022-06-26,3188843061170.0,1469047301473.0,6763716476638.0,811525557371.0,2377317503799.0,0.0,1501340.0,315200.0,3188843061170.0
567,2022-06-27,2532317916451.0,2464216815319.0,7394567778847.0,652494817678.0,1879823098773.0,0.0,1504065.4,306333.3333333333,2532317916451.0
568,2022-06-28,2213240539562.0,2093798517431.0,6891126250726.0,599230858765.0,1614009680797.0,0.0,1514434.5,306333.3333333333,2213240539562.0
569,2022-06-29,2670817444497.0,2511987807494.0,6629870922977.0,612265979746.0,2058551464751.0,0.0,1513715.5,310266.6666666667,2670817444497.0
570,2022-07-02,3365663010484.0,2020842385449.0,5556352543239.0,484790012036.0,2880872998448.0,0.0,1501631.9,326000.0,3365663010484.0
573,2022-07-05,1521910564635.0,851982626439.0,5082958671910.0,653891079067.0,868019485568.0,0.0,1511075.5,315833.3333333333,1521910564635.0
574,2022-07-06,2818698863262.0,1469875136131.0,5169893780767.0,1233081807721.0,1585617055541.0,0.0,1502603.8,315833.3333333333,2818698863262.0
575,2022-07-09,1804270069493.0,2726481158369.0,5091092502289.0,794617907235.0,1009652162258.0,0.0,1498512.7,0.0,1804270069493.0
576,2022-07-11,2186314306351.0,1097450303751.0,4968456762914.0,1016138733877.0,1170175572474.0,0.0,1487597.8,316666.6666666667,2186314306351.0
577,2022-07-12,1940815038760.0,1211498965834.0,5064259732942.0,1032277823241.0,908537215519.0,0.0,1483534.7,316666.6666666667,1940815038760.0
578,2022-07-13,2247285321716.0,1230797276125.0,4538274955753.0,892489344361.0,1354795977355.0,0.0,1490051.8,318066.6666666667,2247285321716.0
579,2022-07-16,2184468435188.0,854667022073.0,4196946157256.0,767778495419.0,1416689939769.0,0.0,1480051.2,322500.0,2184468435188.0
580,2022-07-17,1901836825501.0,1024138082565.0,4000852577037.0,1170031869187.0,731804956314.0,0.0,1469832.5,319100.0,1901836825501.0
581,2022-07-19,2030544409350.0,1158649453382.0,3665583463247.0,966532576628.0,1064011832722.0,0.0,1468893.1,319100.0,2030544409350.0
582,2022-07-20,2254344877772.0,1427919299303.0,4095678554109.0,1120618059821.0,1133726817951.0,0.0,1471898.2,318266.6666666667,2254344877772.0
583,2022-07-23,2650619659322.0,1184514804456.0,4459077364702.0,758823289903.0,1891796369419.0,0.0,1473499.1,321000.0,2650619659322.0
584,2022-07-24,6311756872268.0,1670077927636.0,4970490342997.0,1005287705309.0,5306469166959.0,0.0,1463758.4,320333.3333333333,6311756872268.0
585,2022-07-25,2991429615590.0,1662068632180.0,4634114667684.0,914216391680.0,2077213223910.0,0.0,1439416.8,318833.3333333333,2991429615590.0
586,2022-07-26,2157773669269.0,1255494820075.0,4475306784188.0,774887467099.0,1382886202170.0,0.0,1438448.4,319233.3333333333,2157773669269.0
587,2022-07-27,2085448030113.0,1850889365680.0,4595457819687.0,933448531577.0,1151999498536.0,0.0,1443712.6,319366.6666666667,2085448030113.0
588,2022-07-30,1604382134275.0,1466015064939.0,4805685879764.0,615875344214.0,988506790061.0,0.0,1440855.3,319433.3333333333,1604382134275.0
589,2022-07-31,1915965819207.0,1139134307231.0,4667978086337.0,1205184233914.0,710781585293.0,0.0,1423496.7,318433.3333333333,1915965819207.0
590,2022-08-01,1755542352594.0,6115047474651.0,4201385256459.0,729454648712.0,1026087703882.0,0.0,1427605.6,317300.0,1755542352594.0
591,2022-08-02,1800389675612.0,1362461828964.0,4014128303915.0,824574947629.0,975814727983.0,0.0,1430021.0,317133.3333333333,1800389675612.0
593,2022-08-06,1214642188487.0,1325371843585.0,4204549912999.0,575193639787.0,639448548700.0,0.0,1448922.6,315833.3333333333,1214642188487.0
594,2022-08-09,1184366507184.0,1031482578298.0,4696869761056.0,666363676201.0,518002830983.0,0.0,1451941.9,318166.6666666667,1184366507184.0
595,2022-08-10,1660222290485.0,1190129852164.0,4091580395907.0,965359101906.0,694863188579.0,0.0,1448464.5,312833.3333333333,1660222290485.0
596,2022-08-13,2124810533039.0,1730045013881.0,4453518340472.0,587826436704.0,1536984096335.0,0.0,1467100.6,307833.3333333333,2124810533039.0
597,2022-08-14,1734789207297.0,1726286335286.0,5303277877755.0,870578604228.0,864210603069.0,0.0,1463653.5,302900.0,1734789207297.0
598,2022-08-15,2385632535130.0,1942775544981.0,5110296790007.0,764366564494.0,1621265970636.0,0.0,1463697.6,302166.6666666667,2385632535130.0
599,2022-08-16,1376240152531.0,1229146635517.0,4937560612365.0,690382341632.0,685857810899.0,0.0,1459500.6,302100.0,1376240152531.0
600,2022-08-17,1286311404560.0,1273780032854.0,5166042346618.0,733987368831.0,552324035729.0,0.0,1451404.1,298666.6666666667,1286311404560.0
601,2022-08-20,1240329711156.0,1018569528372.0,5509232891042.0,540586304602.0,699743406554.0,0.0,1438819.2,289666.6666666667,1240329711156.0
602,2022-08-21,1731135081370.0,1544553465430.0,5689713761152.0,1038566583777.0,692568497593.0,0.0,1429906.8,287666.6666666667,1731135081370.0
603,2022-08-22,1563326422165.0,1203437377005.0,4620090465056.0,839574379860.0,723752042305.0,0.0,1424490.9,294666.6666666667,1563326422165.0
604,2022-08-23,1288392912623.0,1610803622537.0,5452175901014.0,652584888183.0,635808024440.0,0.0,1431477.2,293566.6666666667,1288392912623.0
605,2022-08-24,2610344034519.0,1779415400909.0,5706453425334.0,928588747792.0,1681755286727.0,0.0,1442372.9,291500.0,2610344034519.0
606,2022-08-27,1680870219389.0,1505389208663.0,6115999786074.0,580811853938.0,1100058365451.0,0.0,1450045.2,300166.6666666667,1680870219389.0
607,2022-08-28,2349053783285.0,1889628456272.0,6485966477033.0,1000364331033.0,1348689452252.0,0.0,1444086.8,296866.6666666667,2349053783285.0
608,2022-08-29,3172066851209.0,1586851693729.0,6299612690384.0,748632706762.0,2423434144447.0,0.0,1445139.0,296333.3333333333,3172066851209.0
609,2022-08-30,1675530084369.0,1446146192008.0,5916120371293.0,732535563936.0,942994520433.0,0.0,1441217.1,297500.0,1675530084369.0
610,2022-08-31,1235866040013.0,906675673909.0,4681714126462.0,772528214586.0,463337825427.0,0.0,1439396.4,300333.3333333333,1235866040013.0
611,2022-09-03,1507390215391.0,1375073544274.0,5314406540832.0,626892204300.0,880498011091.0,0.0,1426941.2,300200.0,1507390215391.0
612,2022-09-04,1908179689238.0,3935982182239.0,5036446972372.0,1094503744351.0,813675944887.0,0.0,1426908.2,302366.6666666667,1908179689238.0
613,2022-09-05,1770744698397.0,970337054010.0,4717757886861.0,945200019901.0,825544678496.0,0.0,1426779.6,300800.0,1770744698397.0
614,2022-09-06,1307210371222.0,995302050227.0,4282502817535.0,953304077860.0,353906293362.0,0.0,1420834.1,302566.6666666667,1307210371222.0
615,2022-09-07,1740657543012.0,1392439326139.0,4814752990119.0,927190553793.0,813466989219.0,0.0,1412856.5,301566.6666666667,1740657543012.0
617,2022-09-10,1261353960155.0,2892130153812.0,4984478090758.0,749048276394.0,512305683761.0,0.0,1397434.5,304500.0,1261353960155.0
618,2022-09-11,1825696798156.0,965189782465.0,4348788093786.0,1190167410734.0,635529387422.0,0.0,1390732.4,306433.3333333333,1825696798156.0
619,2022-09-12,1579035562752.0,1633286006490.0,4764220271000.0,901733216792.0,677302345960.0,0.0,1388970.4,309933.3333333333,1579035562752.0
620,2022-09-13,1247336936583.0,1125214385306.0,4838977761326.0,739153193525.0,508183743058.0,0.0,1393126.7,315400.0,1247336936583.0
621,2022-09-14,1520359355017.0,1063508222974.0,4640300689405.0,853644866415.0,666714488602.0,0.0,1389099.0,314366.6666666667,1520359355017.0
623,2022-09-18,1039954544694.0,1378820923042.0,4981642441781.0,618944624659.0,421009920035.0,0.0,1377917.5,318366.6666666667,1039954544694.0
624,2022-09-19,2464534572147.0,1073419529399.0,4660541037622.0,1369485348474.0,1095049223673.0,0.0,1373821.4,317666.6666666667,2464534572147.0
625,2022-09-20,2195735900296.0,1445830567095.0,4214144353916.0,1265592459743.0,930143440553.0,0.0,1367060.4,317866.6666666667,2195735900296.0
626,2022-09-21,1998435622117.0,972828826559.0,3710338338715.0,1119946311976.0,878489310141.0,0.0,1355240.9,316900.0,1998435622117.0
627,2022-09-24,1336233378185.0,2568956202802.0,5760775986157.0,891076216197.0,445157161988.0,0.0,1328185.9,317733.3333333333,1336233378185.0
628,2022-09-26,3271021275925.0,2085382842372.0,5780795108942.0,1199863281780.0,2071157994145.0,0.0,1334448.1,316933.3333333333,3271021275925.0
629,2022-09-28,3129633626311.0,3627450518427.0,4639652745280.0,1193271341121.0,1936362285190.0,0.0,1346563.5,318033.3333333333,3129633626311.0
630,2022-10-01,1594388396054.0,1969099925850.0,4300585793439.0,976834027042.0,617554369012.0,0.0,1330879.1,328166.6666666667,1594388396054.0
631,2022-10-02,3127152010908.0,1144632836306.0,4040549662899.0,1493156336163.0,1633995674745.0,0.0,1322025.8,330333.3333333333,3127152010908.0
632,2022-10-03,1877319051983.0,1088355163733.0,3833957745488.0,1048476436048.0,828842615935.0,0.0,1318714.2,333166.6666666667,1877319051983.0
633,2022-10-04,1973687626440.0,886317895743.0,3413309376339.0,1165230629615.0,808456996825.0,0.0,1313853.1,332500.0,1973687626440.0
634,2022-10-08,1561236448438.0,1204240084958.0,3701620073339.0,804045859386.0,757190589052.0,0.0,1316721.1,327866.6666666667,1561236448438.0
635,2022-10-09,2356517124309.0,1342232538308.0,4139591993929.0,1186992706989.0,1169524417320.0,0.0,1305083.0,324866.6666666667,2356517124309.0
636,2022-10-10,2069364534521.0,1202828610977.0,3505434985534.0,1187154661016.0,882209873505.0,0.0,1303920.4,325133.3333333333,2069364534521.0
637,2022-10-11,1989002188276.0,937043604663.0,2978974587889.0,992900064536.0,996102123740.0,0.0,1313583.9,327233.3333333333,1989002188276.0
638,2022-10-12,3233198140695.0,1336124377878.0,2813131237734.0,1115559975312.0,2117638165383.0,0.0,1319789.7,326733.3333333333,3233198140695.0
639,2022-10-15,1314762501462.0,1168774705622.0,3327401992295.0,934366394840.0,380396106622.0,0.0,1317894.2,328533.3333333333,1314762501462.0
640,2022-10-16,2388578593321.0,921613757174.0,3175717816526.0,1364805182634.0,1023773410687.0,0.0,1311288.6,330566.6666666667,2388578593321.0
641,2022-10-17,3983455101899.0,1324062926659.0,3263927698757.0,1204517293528.0,2778937808371.0,0.0,1311109.9,328966.6666666667,3983455101899.0
642,2022-10-18,1851009633934.0,966549649133.0,2970672204082.0,1031286314818.0,819723319116.0,0.0,1312563.2,328566.6666666667,1851009633934.0
643,2022-10-19,2488347731891.0,1114739569099.0,3042479226999.0,1099010193605.0,1389337538286.0,0.0,1310165.9,328566.6666666667,2488347731891.0
645,2022-10-22,3078427557034.0,1898845998658.0,3625930390474.0,770188290995.0,2308239266039.0,0.0,1308960.0,328833.3333333333,3078427557034.0
646,2022-10-23,2290644584730.0,1414315708531.0,3822165758231.0,1247706800114.0,1042937784616.0,0.0,1296797.8,328766.6666666667,2290644584730.0
647,2022-10-24,2523544396179.0,2131428662999.0,4305911047203.0,960988071105.0,1562556325074.0,0.0,1277736.9,327866.6666666667,2523544396179.0
649,2022-10-25,2146416997915.0,1691098989145.0,4617025202314.0,1168844049372.0,977572948543.0,0.0,1267060.7,328900.0,2146416997915.0
648,2022-10-25,2146416997915.0,1691098989145.0,4617025202314.0,1168844049372.0,977572948543.0,0.0,1267060.7,328800.0,2146416997915.0
650,2022-10-26,3597196516551.0,3490581510402.0,5535568147684.0,942418702846.0,2654777813705.0,0.0,1241067.1,328833.3333333333,3597196516551.0
651,2022-10-29,2467709664389.0,1082105597097.0,4070948682471.0,846659084509.0,1621050579880.0,0.0,1244627.3,330666.6666666667,2467709664389.0
652,2022-10-30,2499286370393.0,1798552509494.0,4069665266822.0,1524227351333.0,975059019060.0,0.0,1254464.8,330666.6666666667,2499286370393.0
653,2022-10-31,1926142097815.0,3227330244667.0,3973658821144.0,1243266497402.0,682875600413.0,0.0,1269833.4,333166.6666666667,1926142097815.0
654,2022-11-01,1944077400651.0,1462775146908.0,3747602513366.0,1258997685714.0,685079714937.0,0.0,1280456.2,338200.0,1944077400651.0
655,2022-11-02,1782840939680.0,2003720477798.0,3912955296743.0,1159321869715.0,623519069965.0,0.0,1283540.8,344733.3333333333,1782840939680.0
657,2022-11-05,1804952436953.0,2113009553221.0,4511861025727.0,1035020426852.0,769932010101.0,0.0,1328324.1,359533.3333333333,1804952436953.0
658,2022-11-06,5267860764458.0,3609856632497.0,6309408794344.0,1559987316290.0,3707873448168.0,0.0,1344675.9,361466.6666666667,5267860764458.0
659,2022-11-07,3101133934544.0,1925300926712.0,6424546178424.0,1434055460151.0,1667078474393.0,0.0,1389752.6,365733.3333333333,3101133934544.0
660,2022-11-08,2680758466999.0,2334967501276.0,7297518292991.0,1106980384780.0,1573778082219.0,0.0,1407734.1,363000.0,2680758466999.0
661,2022-11-09,2856345488862.0,2584067636083.0,7246831438529.0,1205853342523.0,1650492146339.0,0.0,1414356.2,358100.0,2856345488862.0
662,2022-11-12,2932459425605.0,1875028058965.0,8144016716604.0,1016609818216.0,1915849607389.0,0.0,1426096.0,351266.6666666667,2932459425605.0
663,2022-11-13,2515857267781.0,1868358010725.0,7710010227133.0,1480107431301.0,1035749836480.0,0.0,1419140.2,353366.6666666667,2515857267781.0
664,2022-11-14,2484327764950.0,1889894432450.0,6605737064962.0,1135458630789.0,1348869134161.0,0.0,1408174.3,357000.0,2484327764950.0
665,2022-11-15,1735683915012.0,976021957507.0,5591349560299.0,1034828020209.0,700855894803.0,0.0,1410423.9,358733.3333333333,1735683915012.0
666,2022-11-16,2002063265545.0,1394296663791.0,6061689342731.0,1053159430833.0,948903834712.0,0.0,1413573.7,356933.3333333333,2002063265545.0
667,2022-11-19,1622383078510.0,3077153722846.0,5991543546101.0,1033621574971.0,588761503539.0,0.0,1393086.2,353633.3333333333,1622383078510.0
668,2022-11-20,3029788496756.0,1045142398957.0,5120662364487.0,1662806219978.0,1366982276778.0,0.0,1404627.2,354000.0,3029788496756.0
669,2022-11-21,1870236648874.0,1958250978374.0,5846284710244.0,1072284242866.0,797952406008.0,0.0,1408597.9,354533.3333333333,1870236648874.0
670,2022-11-22,1919269306659.0,2401115301672.0,6044645419152.0,995061471804.0,924207834855.0,0.0,1407654.1,353566.6666666667,1919269306659.0
671,2022-11-23,2628577676620.0,5172769160892.0,6094399021459.0,1010269705746.0,1618307970874.0,0.0,1410188.2,353300.0,2628577676620.0
672,2022-11-26,1574467829570.0,7944460194523.0,6012120795728.0,797260787914.0,777207041656.0,0.0,1408210.9,355666.6666666667,1574467829570.0
673,2022-11-27,2953167593593.0,4426426831680.0,5596820334311.0,1285459699706.0,1667707893887.0,0.0,1406202.0,358766.6666666667,2953167593593.0
674,2022-11-28,3046375698393.0,10991107082433.0,5894565280171.0,1027302853919.0,2019072844474.0,0.0,1408348.5,360833.3333333333,3046375698393.0
675,2022-11-29,2321892550192.0,2025208232568.0,5605724018454.0,1041211627435.0,1280680922757.0,0.0,1414204.6,359400.0,2321892550192.0
676,2022-11-30,2792305335032.0,2393271400896.0,5145938317248.0,1089373040646.0,1702932294386.0,0.0,1417371.8,360933.3333333333,2792305335032.0
677,2022-12-03,1590267390429.0,1501863210078.0,5282638422253.0,745499947490.0,844767442939.0,0.0,1417719.8,361900.0,1590267390429.0
678,2022-12-04,2751272694061.0,1640596656473.0,4958249287180.0,1296861716542.0,1454410977519.0,0.0,1417839.4,363633.3333333333,2751272694061.0
679,2022-12-05,1786650674827.0,2102563293178.0,5402524626228.0,955360434482.0,831290240345.0,0.0,1413604.7,364033.3333333333,1786650674827.0
680,2022-12-06,5959611246513.0,1763416727193.0,4609931590398.0,886355938052.0,5073255308461.0,0.0,1409404.4,362433.3333333333,5959611246513.0
681,2022-12-07,2238140600339.0,2656287249384.0,4578944416523.0,877318127355.0,1360822472984.0,0.0,1402830.4,362600.0,2238140600339.0
